Id,Reference,ArgumentTmp,ArgumentNameTmp,Action,MaxRecs,Version,Enabled,Status,Act,QueryExportTo,QueryExportFile,LoadN,LoadToN,LoadAll,RP,RU,RS,ERR,TimeInSec,Time,ExpSerMode,ExpSerCell,QueryExportDbLink,QueryExportTblType,QueryExportAppend,StepCompletion,ExcelFileName,UseAltSerModel,AltSerModelName,CompTblId,CompTblName,QueryAllPages,EnableParallelLoad,ApplyPrecision,Precision,DLMacroRptDBLinkID,DLMacroRptTblName,DLMacroRptDeleteDB,DLMacroRptTblAppend,BaseCellName,UpdateDate,SetDate,NMonthsFromValDate,ChangeSource,ChangeLinkage,IgnorePolicyTransactions,IgnoreFundTransactions,IgnoreFutureTransactions,EffDateOption,SourceId,SourceName
102,3,102001,Cells,,0,,TRUE,,6,0,,1,1,0,13139,13139,0,0,440,00:07:20,0,1,0,,FALSE,Completed,,0,,0,,FALSE,FALSE,0,0,0,,FALSE,FALSE,Base cell for Actuarial assumptions,FALSE,,,FALSE,FALSE,FALSE,FALSE,FALSE,,,
102,7,152,Equity Consolidated PIT,,0,,TRUE,,5,0,,1,1,0,664296,664296,0,0,1124,00:18:44,0,1,0,,FALSE,Completed,,0,,0,,FALSE,FALSE,0,-1,0,,FALSE,FALSE,Base cell for Actuarial assumptions,FALSE,0,0,FALSE,FALSE,FALSE,FALSE,FALSE,,,
102,1,0,,,0,,TRUE,,10,0,,1,1,0,0,0,0,5,0,00:00:00,0,1,0,,FALSE,Completed,,0,,0,,FALSE,FALSE,0,0,0,,FALSE,FALSE,,FALSE,,,FALSE,FALSE,FALSE,FALSE,FALSE,,,
102,2,0,,,0,,TRUE,,11,0,,1,1,0,0,0,0,0,0,00:00:00,0,1,0,,FALSE,Completed,,0,,0,,FALSE,FALSE,0,0,0,,FALSE,FALSE,,FALSE,,,FALSE,FALSE,FALSE,FALSE,FALSE,,,
102,5,102055,Subfunds,,0,,TRUE,,6,0,,1,1,0,85,85,0,0,0,00:00:00,0,1,0,,FALSE,Completed,,0,,0,,FALSE,FALSE,0,0,0,,FALSE,FALSE,,FALSE,0,0,FALSE,FALSE,FALSE,FALSE,FALSE,,,
102,4,365,07.01 SETUP DLF: Subfund Assumptions,,0,,TRUE,,3,0,,1,1,0,85,85,0,0,0,00:00:00,0,1,0,,FALSE,Completed,,0,,0,,FALSE,FALSE,0,0,0,,FALSE,FALSE,,FALSE,0,0,FALSE,FALSE,FALSE,FALSE,FALSE,,,
102,6,102059,Reinsurance Terms,,0,,TRUE,,6,0,,1,1,0,5011,5011,0,0,9,00:00:09,0,1,0,,FALSE,Completed,,0,,0,,FALSE,FALSE,0,0,0,,FALSE,FALSE,,FALSE,0,0,FALSE,FALSE,FALSE,FALSE,FALSE,,,
112,14,102021,Other Benefit Information,,0,,TRUE,,0,0,,1,1,0,0,0,0,0,0,00:00:00,0,1,0,,FALSE,Completed,,0,,0,,FALSE,FALSE,0,0,0,,FALSE,FALSE,,FALSE,,,FALSE,FALSE,FALSE,FALSE,FALSE,,,
112,15,102021,Other Benefit Information,,0,,TRUE,,1,0,,1,1,0,260242,260242,0,0,172,00:02:52,0,1,0,,FALSE,Completed,,0,,0,,FALSE,FALSE,0,0,0,,FALSE,FALSE,,FALSE,,,FALSE,FALSE,FALSE,FALSE,FALSE,,,
112,16,102021,Other Benefit Information,,0,,TRUE,,2,0,,1,1,0,260242,260242,0,0,47,00:00:47,0,1,0,,FALSE,Completed,,0,,0,,FALSE,FALSE,0,0,0,,FALSE,FALSE,,FALSE,,,FALSE,FALSE,FALSE,FALSE,FALSE,,,
112,13,102060,Other Benefits,,0,,TRUE,,0,0,,1,1,0,0,0,0,0,0,00:00:00,0,1,0,,FALSE,Completed,,0,,0,,FALSE,FALSE,0,0,0,,FALSE,FALSE,,TRUE,0,0,FALSE,FALSE,FALSE,FALSE,FALSE,31-Mar-21,,
112,17,102060,Other Benefits,,0,,TRUE,,2,0,,1,1,0,103,103,0,0,0,00:00:00,0,1,0,,FALSE,Completed,,0,,0,,FALSE,FALSE,0,0,0,,FALSE,FALSE,,FALSE,0,0,FALSE,FALSE,FALSE,FALSE,FALSE,,,
112,12,262,04.00 DLT_OB_FMT_MAPPING_PPU_BEMort,,0,,TRUE,,2,0,,1,1,0,13561,13561,0,0,1,00:00:01,0,1,0,,FALSE,Completed,,0,,0,,FALSE,FALSE,0,0,0,,FALSE,FALSE,,FALSE,0,0,FALSE,FALSE,FALSE,FALSE,FALSE,,,
112,4,259,04.00 DLT_OB_FMT_MAPPING_AGD,,0,,TRUE,,0,0,,1,1,0,0,0,0,0,0,00:00:00,0,1,0,,FALSE,Completed,,0,,0,,FALSE,FALSE,0,0,0,,FALSE,FALSE,,TRUE,0,0,FALSE,FALSE,FALSE,FALSE,FALSE,30-Jun-22,,
112,1,260,04.00 DLT_OB_FMT_MAPPING_TRP,,0,,TRUE,,0,0,,1,1,0,0,0,0,0,0,00:00:00,0,1,0,,FALSE,Completed,,0,,0,,FALSE,FALSE,0,0,0,,FALSE,FALSE,,TRUE,0,0,FALSE,FALSE,FALSE,FALSE,FALSE,30-Jun-22,,
112,5,259,04.00 DLT_OB_FMT_MAPPING_AGD,,0,,TRUE,,1,0,,1,1,0,883,883,0,0,1,00:00:01,0,1,0,,FALSE,Completed,,0,,0,,FALSE,FALSE,0,0,0,,FALSE,FALSE,,FALSE,0,0,FALSE,FALSE,FALSE,FALSE,FALSE,,79,OB_FMT_AGD
112,6,259,04.00 DLT_OB_FMT_MAPPING_AGD,,0,,TRUE,,2,0,,1,1,0,883,883,0,0,0,00:00:00,0,1,0,,FALSE,Completed,,0,,0,,FALSE,FALSE,0,-1,0,,FALSE,FALSE,,FALSE,0,0,FALSE,FALSE,FALSE,FALSE,FALSE,,,
112,8,261,04.00 DLT_OB_FMT_MAPPING_RCC_RCG,,0,,TRUE,,1,0,,1,1,0,28670,28670,0,0,3,00:00:03,0,1,0,,FALSE,Completed,,0,,0,,FALSE,FALSE,0,0,0,,FALSE,FALSE,,FALSE,0,0,FALSE,FALSE,FALSE,FALSE,FALSE,,80,OB_FMT_RCC_RCG
112,9,261,04.00 DLT_OB_FMT_MAPPING_RCC_RCG,,0,,TRUE,,2,0,,1,1,0,28670,28670,0,0,1,00:00:01,0,1,0,,FALSE,Completed,,0,,0,,FALSE,FALSE,0,0,0,,FALSE,FALSE,,FALSE,0,0,FALSE,FALSE,FALSE,FALSE,FALSE,,,
112,11,262,04.00 DLT_OB_FMT_MAPPING_PPU_BEMort,,0,,TRUE,,1,0,,1,1,0,13561,13561,0,0,2,00:00:02,0,1,0,,FALSE,Completed,,0,,0,,FALSE,FALSE,0,0,0,,FALSE,FALSE,,FALSE,0,0,FALSE,FALSE,FALSE,FALSE,FALSE,,81,OB_FMT_PPU_BEMort
112,2,260,04.00 DLT_OB_FMT_MAPPING_TRP,,0,,TRUE,,1,0,,1,1,0,3726,3726,0,0,1,00:00:01,0,1,0,,FALSE,Completed,,0,,0,,FALSE,FALSE,0,0,0,,FALSE,FALSE,,FALSE,0,0,FALSE,FALSE,FALSE,FALSE,FALSE,,78,OB_FMT_TRP
112,3,260,04.00 DLT_OB_FMT_MAPPING_TRP,,0,,TRUE,,2,0,,1,1,0,3726,3726,0,0,1,00:00:01,0,1,0,,FALSE,Completed,,0,,0,,FALSE,FALSE,0,0,0,,FALSE,FALSE,,FALSE,0,0,FALSE,FALSE,FALSE,FALSE,FALSE,,,
112,7,261,04.00 DLT_OB_FMT_MAPPING_RCC_RCG,,0,,TRUE,,0,0,,1,1,0,0,0,0,0,0,00:00:00,0,1,0,,FALSE,Completed,,0,,0,,FALSE,FALSE,0,0,0,,FALSE,FALSE,,TRUE,0,0,FALSE,FALSE,FALSE,FALSE,FALSE,30-Jun-22,,
112,10,262,04.00 DLT_OB_FMT_MAPPING_PPU_BEMort,,0,,TRUE,,0,0,,1,1,0,0,0,0,0,0,00:00:00,0,1,0,,FALSE,Completed,,0,,0,,FALSE,FALSE,0,0,0,,FALSE,FALSE,,TRUE,0,0,FALSE,FALSE,FALSE,FALSE,FALSE,30-Jun-22,,
115,1,102023,Current Fund Values,,0,,TRUE,,0,0,,1,1,0,0,0,0,0,0,00:00:00,0,1,0,,FALSE,Completed,,0,,0,,FALSE,FALSE,0,0,0,,FALSE,FALSE,,FALSE,,,FALSE,FALSE,FALSE,FALSE,FALSE,,,
115,2,102023,Current Fund Values,,0,,TRUE,,1,0,,1,1,0,6730935,6344031,386904,0,1409,00:23:29,0,1,0,,FALSE,Completed,,0,,0,,FALSE,FALSE,0,0,0,,FALSE,FALSE,,FALSE,,,FALSE,FALSE,FALSE,FALSE,FALSE,,,
115,3,102023,Current Fund Values,,0,,TRUE,,2,0,,1,1,0,6344031,6344031,0,0,107,00:01:47,0,1,0,,FALSE,Completed,,0,,0,,FALSE,FALSE,0,0,0,,FALSE,FALSE,,FALSE,,,FALSE,FALSE,FALSE,FALSE,FALSE,,,
147,1,3,KC2A Seriatim Output PIT Fields,,0,,TRUE,,4,3,IUL_Stat_Detail_CFile_$(TABLEID),1,1,0,0,0,0,0,109,00:01:49,0,1,7,Miscellaneous,FALSE,Completed,OutputDB [$(ResultsServer) . $(ResultsDB)],0,,0,,FALSE,FALSE,0,-1,7,,FALSE,FALSE,,FALSE,,,FALSE,FALSE,FALSE,FALSE,FALSE,,,
147,2,3,KC2A Seriatim Output PIT Fields,,0,,TRUE,,4,3,IUL_Stat_Detail_CFile,1,1,0,0,0,0,0,92,00:01:32,0,1,7,Miscellaneous,FALSE,Completed,OutputDB [$(ResultsServer) . $(ResultsDB)],0,,0,,FALSE,FALSE,0,-1,7,,FALSE,FALSE,,FALSE,,,FALSE,FALSE,FALSE,FALSE,FALSE,,,
151,1,4,94.01.41a IFRS17 Scenario - Add BE Inflation,,0,,TRUE,,4,3,IFRS17_scen_base,1,1,0,0,0,0,0,2,00:00:02,0,1,2,Flexible format Scenario data,FALSE,Completed,Local_SQL_Server [\\win000440\downloads\WorkAreaTest\Ming\Datasets\IUL_Valuation\impexp.mdf],0,,0,,FALSE,FALSE,0,-1,2,,FALSE,FALSE,,FALSE,,,FALSE,FALSE,FALSE,FALSE,FALSE,,,
151,2,5,94.01.41b IFRS17 Scenario - Shock Inflation,,0,,TRUE,,4,3,IFRS17_scen_InflShock,1,1,0,0,0,0,0,1,00:00:01,0,1,2,Flexible format Scenario data,FALSE,Completed,Local_SQL_Server [\\win000440\downloads\WorkAreaTest\Ming\Datasets\IUL_Valuation\impexp.mdf],0,,0,,FALSE,FALSE,0,0,2,,FALSE,FALSE,,FALSE,,,FALSE,FALSE,FALSE,FALSE,FALSE,,,
157,1,6,94.03 IFRS17 Summarize Reporting Group Mappings,,0,,TRUE,,4,3,IFRS17 Reporting Group Mappings,1,1,0,0,0,0,0,3,00:00:03,0,1,7,Miscellaneous,TRUE,Completed,OutputDB [$(ResultsServer) . $(ResultsDB)],0,,0,,FALSE,FALSE,0,0,7,,FALSE,FALSE,,FALSE,,,FALSE,FALSE,FALSE,FALSE,FALSE,,,
175,1,15,OBR Reserve,,0,,TRUE,,4,3,IUL_OBR_Stat_CFile_$(TABLEID),1,1,0,0,0,0,0,10,00:00:10,0,1,7,Miscellaneous,FALSE,Completed,OutputDB [$(ResultsServer) . $(ResultsDB)],0,,0,,FALSE,FALSE,0,-1,7,,FALSE,FALSE,,FALSE,,,FALSE,FALSE,FALSE,FALSE,FALSE,,,
250,1,30,005 NB,,0,,TRUE,,4,3,IUL_SAT_Feed_005_NB_$(TABLEID),1,1,0,0,0,0,0,12,00:00:12,0,1,7,Miscellaneous,FALSE,Completed,OutputDB [$(ResultsServer) . $(ResultsDB)],0,,0,,FALSE,FALSE,0,-1,7,,FALSE,FALSE,,FALSE,,,FALSE,FALSE,FALSE,FALSE,FALSE,,,
253,12,130,Reinsurance Banded Tables,,0,,TRUE,,0,0,,1,1,0,0,0,0,0,1,00:00:01,0,1,0,,FALSE,Completed,,0,,0,,FALSE,FALSE,0,0,0,,FALSE,FALSE,,TRUE,0,0,FALSE,FALSE,FALSE,FALSE,FALSE,31-Mar-21,,
253,24,187,01.01.15_DLT_Other_Benefit_FMT,,0,,TRUE,,0,0,,1,1,0,0,0,0,0,5,00:00:05,0,1,0,,FALSE,Completed,,0,,0,,FALSE,FALSE,0,0,0,,FALSE,FALSE,,TRUE,0,0,FALSE,FALSE,FALSE,FALSE,FALSE,30-Sep-21,,
253,33,217,01.01.09_DLT_BE_Mortality_Table_FMT,,0,,TRUE,,0,0,,1,1,0,0,0,0,0,5,00:00:05,0,1,0,,FALSE,Completed,,0,,0,,FALSE,FALSE,0,0,0,,FALSE,FALSE,,TRUE,0,0,FALSE,FALSE,FALSE,FALSE,FALSE,30-Sep-21,,
253,34,219,01.01.10_DLT_BE_Lapse_Table_FMT,,0,,TRUE,,0,0,,1,1,0,0,0,0,0,1,00:00:01,0,1,0,,FALSE,Completed,,0,,0,,FALSE,FALSE,0,0,0,,FALSE,FALSE,,TRUE,0,0,FALSE,FALSE,FALSE,FALSE,FALSE,30-Sep-21,,
253,35,169,01.01.11_DLT_BE_Expense_Table_FMT,,0,,TRUE,,0,0,,1,1,0,0,0,0,0,0,00:00:00,0,1,0,,FALSE,Completed,,0,,0,,FALSE,FALSE,0,0,0,,FALSE,FALSE,,TRUE,0,0,FALSE,FALSE,FALSE,FALSE,FALSE,30-Sep-21,,
253,36,221,01.01.02_DLT_NLG_FMT,,0,,TRUE,,0,0,,1,1,0,0,0,0,0,1,00:00:01,0,1,0,,FALSE,Completed,,0,,0,,FALSE,FALSE,0,0,0,,FALSE,FALSE,,TRUE,0,0,FALSE,FALSE,FALSE,FALSE,FALSE,30-Sep-21,,
253,37,223,01.01.18_DLT_VM20_Mortality_FMT,,0,,TRUE,,0,0,,1,1,0,0,0,0,0,0,00:00:00,0,1,0,,FALSE,Completed,,0,,0,,FALSE,FALSE,0,0,0,,FALSE,FALSE,,TRUE,0,0,FALSE,FALSE,FALSE,FALSE,FALSE,30-Sep-21,,
253,38,225,01.01.19_DLT_ULSG_VM20_Lapse_FMT,,0,,TRUE,,0,0,,1,1,0,0,0,0,0,1,00:00:01,0,1,0,,FALSE,Completed,,0,,0,,FALSE,FALSE,0,0,0,,FALSE,FALSE,,TRUE,0,0,FALSE,FALSE,FALSE,FALSE,FALSE,30-Sep-21,,
253,39,227,01.01.20_DLT_Dynamic_Premium_TFLIC_CFT,,0,,TRUE,,0,0,,1,1,0,0,0,0,0,0,00:00:00,0,1,0,,FALSE,Completed,,0,,0,,FALSE,FALSE,0,0,0,,FALSE,FALSE,,TRUE,0,0,FALSE,FALSE,FALSE,FALSE,FALSE,30-Sep-21,,
253,40,229,01.01.21_DLT_Gtd_Exp_Chg_Table_FMT,,0,,TRUE,,0,0,,1,1,0,0,0,0,0,1,00:00:01,0,1,0,,FALSE,Completed,,0,,0,,FALSE,FALSE,0,0,0,,FALSE,FALSE,,TRUE,0,0,FALSE,FALSE,FALSE,FALSE,FALSE,30-Sep-21,,
253,41,231,01.01.14_DLT_Surr_Chg_Table_FMT,,0,,TRUE,,0,0,,1,1,0,0,0,0,0,0,00:00:00,0,1,0,,FALSE,Completed,,0,,0,,FALSE,FALSE,0,0,0,,FALSE,FALSE,,TRUE,0,0,FALSE,FALSE,FALSE,FALSE,FALSE,30-Sep-21,,
253,42,235,01.01.23_DLT_Other_Benefit_Rates_Table_FMT,,0,,TRUE,,0,0,,1,1,0,0,0,0,0,1,00:00:01,0,1,0,,FALSE,Completed,,0,,0,,FALSE,FALSE,0,0,0,,FALSE,FALSE,,TRUE,0,0,FALSE,FALSE,FALSE,FALSE,FALSE,30-Sep-21,,
253,43,237,01.01.25_DLT_CRVM_Fund_Bonus_Table_FMT,,0,,TRUE,,0,0,,1,1,0,0,0,0,0,1,00:00:01,0,1,0,,FALSE,Completed,,0,,0,,FALSE,FALSE,0,0,0,,FALSE,FALSE,,TRUE,0,0,FALSE,FALSE,FALSE,FALSE,FALSE,30-Sep-21,,
253,44,239,01.01.26_DLT_Base_Cell_Name_FMT,,0,,TRUE,,0,0,,1,1,0,0,0,0,0,0,00:00:00,0,1,0,,FALSE,Completed,,0,,0,,FALSE,FALSE,0,0,0,,FALSE,FALSE,,TRUE,0,0,FALSE,FALSE,FALSE,FALSE,FALSE,30-Sep-21,,
253,45,241,01.01.24_DLT_Tax_Mortality_Table_FMT,,0,,TRUE,,0,0,,1,1,0,0,0,0,0,1,00:00:01,0,1,0,,FALSE,Completed,,0,,0,,FALSE,FALSE,0,0,0,,FALSE,FALSE,,TRUE,0,0,FALSE,FALSE,FALSE,FALSE,FALSE,30-Sep-21,,
253,47,245,01.01.30_DLT_Extra_Lapse_Table_FMT,,0,,TRUE,,0,0,,1,1,0,0,0,0,0,1,00:00:01,0,1,0,,FALSE,Completed,,0,,0,,FALSE,FALSE,0,0,0,,FALSE,FALSE,,TRUE,0,0,FALSE,FALSE,FALSE,FALSE,FALSE,30-Sep-21,,
253,48,181,02.01.00_DLT_Cell_TAGs_FMT,,0,,TRUE,,0,0,,1,1,0,0,0,0,0,6,00:00:06,0,1,0,,FALSE,Completed,,0,,0,,FALSE,FALSE,0,0,0,,FALSE,FALSE,,TRUE,0,0,FALSE,FALSE,FALSE,FALSE,FALSE,30-Sep-21,,
253,49,183,02.02.00_DLT_Cell_Names_FMT,,0,,TRUE,,0,0,,1,1,0,0,0,0,0,6,00:00:06,0,1,0,,FALSE,Completed,,0,,0,,FALSE,FALSE,0,0,0,,FALSE,FALSE,,TRUE,0,0,FALSE,FALSE,FALSE,FALSE,FALSE,30-Sep-21,,
253,13,126,Reinsurance Base Tables,,0,,TRUE,,0,0,,1,1,0,0,0,0,0,6,00:00:06,0,1,0,,FALSE,Completed,,0,,0,,FALSE,FALSE,0,0,0,,FALSE,FALSE,,TRUE,0,0,FALSE,FALSE,FALSE,FALSE,FALSE,31-Mar-21,,
253,14,128,Reinsurance Compound Tables,,0,,TRUE,,0,0,,1,1,0,0,0,0,0,0,00:00:00,0,1,0,,FALSE,Completed,,0,,0,,FALSE,FALSE,0,0,0,,FALSE,FALSE,,TRUE,0,0,FALSE,FALSE,FALSE,FALSE,FALSE,31-Mar-21,,
253,10,102058,Cession Information,,0,,TRUE,,0,0,,1,1,0,0,0,0,0,6,00:00:06,0,1,0,,FALSE,Completed,,0,,0,,FALSE,FALSE,0,0,0,,FALSE,FALSE,,TRUE,0,0,FALSE,FALSE,FALSE,FALSE,FALSE,31-Mar-21,,
253,15,102059,Reinsurance Terms,,0,,TRUE,,0,0,,1,1,0,0,0,0,0,5,00:00:05,0,1,0,,FALSE,Completed,,0,,0,,FALSE,FALSE,0,0,0,,FALSE,FALSE,,TRUE,0,0,FALSE,FALSE,FALSE,FALSE,FALSE,31-Mar-21,,
253,1,0,,,0,,TRUE,,10,0,,1,1,0,0,0,0,5,149,00:02:29,0,1,0,,FALSE,Completed,,0,,0,,FALSE,FALSE,0,0,0,,FALSE,FALSE,,FALSE,,,FALSE,FALSE,FALSE,FALSE,FALSE,,,
253,3,152,Equity Consolidated PIT,,0,,TRUE,,0,0,,1,1,0,0,0,0,0,8,00:00:08,0,1,0,,FALSE,Completed,,0,,0,,FALSE,FALSE,0,-1,0,,FALSE,FALSE,,FALSE,0,0,FALSE,FALSE,FALSE,FALSE,FALSE,,,
253,4,13,IFRS17 Reporting Group Mapping,,0,,TRUE,,0,0,,1,1,0,0,0,0,0,1,00:00:01,0,1,0,,FALSE,Completed,,0,,0,,FALSE,FALSE,0,0,0,,FALSE,FALSE,,FALSE,,,FALSE,FALSE,FALSE,FALSE,FALSE,,,
253,5,102001,Cells,,0,,TRUE,,0,0,,1,1,0,0,0,0,0,6,00:00:06,0,1,0,,FALSE,Completed,,0,,0,,FALSE,FALSE,0,0,0,,FALSE,FALSE,,FALSE,,,FALSE,FALSE,FALSE,FALSE,FALSE,,,
253,2,0,,,0,,TRUE,,11,0,,1,1,0,0,0,0,0,0,00:00:00,0,1,0,,FALSE,Completed,,0,,0,,FALSE,FALSE,0,0,0,,FALSE,FALSE,,FALSE,,,FALSE,FALSE,FALSE,FALSE,FALSE,,,
253,6,102002,Tables,,0,,TRUE,,0,0,,1,1,0,0,0,0,0,0,00:00:00,0,1,0,,FALSE,Completed,,0,,0,,FALSE,FALSE,0,0,0,,FALSE,FALSE,,FALSE,,,FALSE,FALSE,FALSE,FALSE,FALSE,,,
253,54,267,02.00 DLT_FMT_Plan_and_Product_Mapped,,0,,TRUE,,0,0,,1,1,0,0,0,0,0,0,,0,1,0,,FALSE,,,0,,0,,FALSE,FALSE,0,0,0,,FALSE,FALSE,,TRUE,0,0,FALSE,FALSE,FALSE,FALSE,FALSE,30-Jun-22,,
253,55,271,02.00 DLT_FMT_Reporting_Group_Mapped,,0,,TRUE,,0,0,,1,1,0,0,0,0,0,0,,0,1,0,,FALSE,,,0,,0,,FALSE,FALSE,0,0,0,,FALSE,FALSE,,TRUE,0,0,FALSE,FALSE,FALSE,FALSE,FALSE,30-Jun-22,,
253,56,272,02.00 DLT_FMT_Reporting_Group_Mapped_auto,,0,,TRUE,,0,0,,1,1,0,0,0,0,0,0,,0,1,0,,FALSE,,,0,,0,,FALSE,FALSE,0,0,0,,FALSE,FALSE,,TRUE,0,0,FALSE,FALSE,FALSE,FALSE,FALSE,30-Jun-22,,
253,7,102021,Other Benefit Information,,0,,TRUE,,0,0,,1,1,0,0,0,0,0,6,00:00:06,0,1,0,,FALSE,Completed,,0,,0,,FALSE,FALSE,0,0,0,,FALSE,FALSE,,FALSE,,,FALSE,FALSE,FALSE,FALSE,FALSE,,,
253,8,102023,Current Fund Values,,0,,TRUE,,0,0,,1,1,0,0,0,0,0,6,00:00:06,0,1,0,,FALSE,Completed,,0,,0,,FALSE,FALSE,0,0,0,,FALSE,FALSE,,FALSE,,,FALSE,FALSE,FALSE,FALSE,FALSE,,,
253,9,102055,Subfunds,,0,,TRUE,,0,0,,1,1,0,0,0,0,0,0,00:00:00,0,1,0,,FALSE,Completed,,0,,0,,FALSE,FALSE,0,0,0,,FALSE,FALSE,,FALSE,,,FALSE,FALSE,FALSE,FALSE,FALSE,,,
253,11,102060,Other Benefits,,0,,TRUE,,0,0,,1,1,0,0,0,0,0,0,00:00:00,0,1,0,,FALSE,Completed,,0,,0,,FALSE,FALSE,0,0,0,,FALSE,FALSE,,FALSE,,,FALSE,FALSE,FALSE,FALSE,FALSE,,,
253,16,185,01.01.01_DLT_AGD_FMT,,0,,TRUE,,0,0,,1,1,0,0,0,0,0,1,00:00:01,0,1,0,,FALSE,Completed,,0,,0,,FALSE,FALSE,0,0,0,,FALSE,FALSE,,TRUE,0,0,FALSE,FALSE,FALSE,FALSE,FALSE,30-Sep-21,,
253,17,163,01.01.34_DLT_Premium_Load_FMT,,0,,TRUE,,0,0,,1,1,0,0,0,0,0,6,00:00:06,0,1,0,,FALSE,Completed,,0,,0,,FALSE,FALSE,0,0,0,,FALSE,FALSE,,TRUE,0,0,FALSE,FALSE,FALSE,FALSE,FALSE,30-Sep-21,,
253,18,173,01.01.31_DLT_Target_Regular_Premium_FMT,,0,,TRUE,,0,0,,1,1,0,0,0,0,0,5,00:00:05,0,1,0,,FALSE,Completed,,0,,0,,FALSE,FALSE,0,0,0,,FALSE,FALSE,,TRUE,0,0,FALSE,FALSE,FALSE,FALSE,FALSE,30-Sep-21,,
253,19,167,01.01.28_DLT_Lapse_Table_FMT,,0,,TRUE,,0,0,,1,1,0,0,0,0,0,1,00:00:01,0,1,0,,FALSE,Completed,,0,,0,,FALSE,FALSE,0,0,0,,FALSE,FALSE,,TRUE,0,0,FALSE,FALSE,FALSE,FALSE,FALSE,30-Sep-21,,
253,20,175,01.01.16_DLT_Expense_Charge_FMT,,0,,TRUE,,0,0,,1,1,0,0,0,0,0,5,00:00:05,0,1,0,,FALSE,Completed,,0,,0,,FALSE,FALSE,0,0,0,,FALSE,FALSE,,TRUE,0,0,FALSE,FALSE,FALSE,FALSE,FALSE,30-Sep-21,,
253,21,155,01.01.32_DLT_Expense_Charge_Guar_FMT,,0,,TRUE,,0,0,,1,1,0,0,0,0,0,1,00:00:01,0,1,0,,FALSE,Completed,,0,,0,,FALSE,FALSE,0,0,0,,FALSE,FALSE,,TRUE,0,0,FALSE,FALSE,FALSE,FALSE,FALSE,30-Sep-21,,
253,22,157,01.01.33_DLT_Surrender_Charge_FMT,,0,,TRUE,,0,0,,1,1,0,0,0,0,0,0,00:00:00,0,1,0,,FALSE,Completed,,0,,0,,FALSE,FALSE,0,0,0,,FALSE,FALSE,,TRUE,0,0,FALSE,FALSE,FALSE,FALSE,FALSE,30-Sep-21,,
253,23,161,01.01.17_DLT_Target_Premium_Adj,,0,,TRUE,,0,0,,1,1,0,0,0,0,0,6,00:00:06,0,1,0,,FALSE,Completed,,0,,0,,FALSE,FALSE,0,0,0,,FALSE,FALSE,,TRUE,0,0,FALSE,FALSE,FALSE,FALSE,FALSE,30-Sep-21,,
253,25,201,01.01.03_DLT_TRP_FMT,,0,,TRUE,,0,0,,1,1,0,0,0,0,0,1,00:00:01,0,1,0,,FALSE,Completed,,0,,0,,FALSE,FALSE,0,0,0,,FALSE,FALSE,,TRUE,0,0,FALSE,FALSE,FALSE,FALSE,FALSE,30-Sep-21,,
253,26,203,01.01.07_DLT_Risk_Charge_FMT,,0,,TRUE,,0,0,,1,1,0,0,0,0,0,5,00:00:05,0,1,0,,FALSE,Completed,,0,,0,,FALSE,FALSE,0,0,0,,FALSE,FALSE,,TRUE,0,0,FALSE,FALSE,FALSE,FALSE,FALSE,30-Sep-21,,
253,27,205,01.01.06_DLT_Face_Amount_Table_FMT,,0,,TRUE,,0,0,,1,1,0,0,0,0,0,5,00:00:05,0,1,0,,FALSE,Completed,,0,,0,,FALSE,FALSE,0,0,0,,FALSE,FALSE,,TRUE,0,0,FALSE,FALSE,FALSE,FALSE,FALSE,30-Sep-21,,
253,28,207,01.01.04_DLT_Allocation_Rules_Table_FMT,,0,,TRUE,,0,0,,1,1,0,0,0,0,0,1,00:00:01,0,1,0,,FALSE,Completed,,0,,0,,FALSE,FALSE,0,0,0,,FALSE,FALSE,,TRUE,0,0,FALSE,FALSE,FALSE,FALSE,FALSE,30-Sep-21,,
253,29,209,01.01.05_DLT_Commission_Table_FMT,,0,,TRUE,,0,0,,1,1,0,0,0,0,0,1,00:00:01,0,1,0,,FALSE,Completed,,0,,0,,FALSE,FALSE,0,0,0,,FALSE,FALSE,,TRUE,0,0,FALSE,FALSE,FALSE,FALSE,FALSE,30-Sep-21,,
253,30,211,01.01.08_DLT_OtherProductFeatures_FMT,,0,,TRUE,,0,0,,1,1,0,0,0,0,0,0,00:00:00,0,1,0,,FALSE,Completed,,0,,0,,FALSE,FALSE,0,0,0,,FALSE,FALSE,,TRUE,0,0,FALSE,FALSE,FALSE,FALSE,FALSE,30-Sep-21,,
253,31,213,01.01.12_DLT_ReserveAssumptions_FMT,,0,,TRUE,,0,0,,1,1,0,0,0,0,0,6,00:00:06,0,1,0,,FALSE,Completed,,0,,0,,FALSE,FALSE,0,0,0,,FALSE,FALSE,,TRUE,0,0,FALSE,FALSE,FALSE,FALSE,FALSE,30-Sep-21,,
253,32,215,01.01.13_DLT_Partial_Withdrawal_Table_FMT,,0,,TRUE,,0,0,,1,1,0,0,0,0,0,1,00:00:01,0,1,0,,FALSE,Completed,,0,,0,,FALSE,FALSE,0,0,0,,FALSE,FALSE,,TRUE,0,0,FALSE,FALSE,FALSE,FALSE,FALSE,30-Sep-21,,
253,46,243,01.01.27_DLT_Fifth_Mortality_Table_FMT,,0,,TRUE,,0,0,,1,1,0,0,0,0,0,1,00:00:01,0,1,0,,FALSE,Completed,,0,,0,,FALSE,FALSE,0,0,0,,FALSE,FALSE,,TRUE,0,0,FALSE,FALSE,FALSE,FALSE,FALSE,30-Sep-21,,
253,50,259,04.00 DLT_OB_FMT_MAPPING_AGD,,0,,TRUE,,0,0,,1,1,0,0,0,0,0,0,00:00:00,0,1,0,,FALSE,Completed,,0,,0,,FALSE,FALSE,0,0,0,,FALSE,FALSE,,TRUE,0,0,FALSE,FALSE,FALSE,FALSE,FALSE,30-Jun-22,,
253,51,260,04.00 DLT_OB_FMT_MAPPING_TRP,,0,,TRUE,,0,0,,1,1,0,0,0,0,0,0,00:00:00,0,1,0,,FALSE,Completed,,0,,0,,FALSE,FALSE,0,0,0,,FALSE,FALSE,,TRUE,0,0,FALSE,FALSE,FALSE,FALSE,FALSE,30-Jun-22,,
253,52,261,04.00 DLT_OB_FMT_MAPPING_RCC_RCG,,0,,TRUE,,0,0,,1,1,0,0,0,0,0,6,00:00:06,0,1,0,,FALSE,Completed,,0,,0,,FALSE,FALSE,0,0,0,,FALSE,FALSE,,TRUE,0,0,FALSE,FALSE,FALSE,FALSE,FALSE,30-Jun-22,,
253,53,262,04.00 DLT_OB_FMT_MAPPING_PPU_BEMort,,0,,TRUE,,0,0,,1,1,0,0,0,0,0,5,00:00:05,0,1,0,,FALSE,Completed,,0,,0,,FALSE,FALSE,0,0,0,,FALSE,FALSE,,TRUE,0,0,FALSE,FALSE,FALSE,FALSE,FALSE,30-Jun-22,,
260,1,258,94.01.11 IFRS17 SETUP__NB Update NB PIT,,0,,TRUE,,3,0,,1,1,0,0,0,0,0,0,,0,1,0,,FALSE,,,0,,0,,FALSE,FALSE,0,0,0,,FALSE,FALSE,,FALSE,,,FALSE,FALSE,FALSE,FALSE,FALSE,,,
260,2,259,94.01.12 IFRS17 SETUP__NB Update NB Fund Values,,0,,TRUE,,3,0,,1,1,0,0,0,0,0,0,,0,1,0,,FALSE,,,0,,0,,FALSE,FALSE,0,0,0,,FALSE,FALSE,,FALSE,,,FALSE,FALSE,FALSE,FALSE,FALSE,,,
260,3,152,Equity Consolidated PIT,,0,,TRUE,,5,0,,1,1,0,0,0,0,0,0,,0,1,0,,FALSE,,,0,,0,,FALSE,FALSE,0,-1,0,,FALSE,FALSE,,FALSE,0,0,FALSE,FALSE,FALSE,FALSE,FALSE,,,
263,3,37,94.02.40c IFRS17 Control - Average Over Scenarios,,0,,TRUE,,4,3,$(IFRS17_Output_Name)_KC4,1,1,0,0,0,0,0,3, ,0,1,7,Miscellaneous,FALSE, ,OutputDB [$(ResultsServer) . $(ResultsDB)],0,,0,,FALSE,FALSE,0,0,7,,FALSE,FALSE,,FALSE,,,FALSE,FALSE,FALSE,FALSE,FALSE,,,
263,1,132,94.02.40a IFRS17 Control - Sum Each Scenario,,0,,TRUE,,4,3,$(IFRS17_Output_Name)_KC4a,1,1,0,0,0,0,0,3,00:00:03,0,1,2,Miscellaneous,FALSE,Completed,Local_SQL_Server [\\tagridfiler\ELINK_Development\ModelDev\Wenjing\Consolidation\Datasets\Equity_Cons_Valuation_v16\impexp.mdf],0,,0,,FALSE,FALSE,0,-1,2,,FALSE,FALSE,,FALSE,0,0,FALSE,FALSE,FALSE,FALSE,FALSE,,,
263,2,137,94.02.40b IFRS17 Control - PV Each Scenario,,0,,TRUE,,4,3,$(IFRS17_Output_Name)_KC4b,1,1,0,0,0,0,0,2, ,0,1,2,Miscellaneous,FALSE, ,Local_SQL_Server [\\tagridfiler\ELINK_Development\ModelDev\Wenjing\Consolidation\Datasets\Equity_Cons_Valuation_v16\impexp.mdf],0,,0,,FALSE,FALSE,0,-1,2,,FALSE,FALSE,,FALSE,0,0,FALSE,FALSE,FALSE,FALSE,FALSE,,,
263,4,70,94.02.40d IFRS17 Control - KC2 Seriatim,,0,,TRUE,,4,3,$(IFRS17_Output_Name)_KC2 Seriatim,1,1,0,0,0,0,0,1, ,0,1,7,Miscellaneous,FALSE, ,OutputDB [$(RESULTSSERVER) . $(RESULTSDB)],0,,0,,FALSE,FALSE,0,-1,7,,FALSE,FALSE,,FALSE,0,0,FALSE,FALSE,FALSE,FALSE,FALSE,,,
263,5,71,94.02.40e IFRS17 Control - KC2 Summary,,0,,TRUE,,4,3,$(IFRS17_Output_Name)_KC2 Summary,1,1,0,0,0,0,0,0, ,0,1,7,Miscellaneous,FALSE, ,OutputDB [$(RESULTSSERVER) . $(RESULTSDB)],0,,0,,FALSE,FALSE,0,-1,7,,FALSE,FALSE,,FALSE,0,0,FALSE,FALSE,FALSE,FALSE,FALSE,,,
263,6,72,94.02.40f IFRS17 Control - KC2 Compare,,0,,TRUE,,4,3,$(IFRS17_Output_Name)_KC2 Compare,1,1,0,0,0,0,0,0, ,0,1,7,Miscellaneous,FALSE, ,OutputDB [$(RESULTSSERVER) . $(RESULTSDB)],0,,0,,FALSE,FALSE,0,0,7,,FALSE,FALSE,,FALSE,0,0,FALSE,FALSE,FALSE,FALSE,FALSE,,,
268,1,41,92.02.02 MVN PIT and Fund Extracts,,0,,TRUE,,4,4,$PATH\$DATASET\Convexinator\IUL_MVN_PIT_$(VALDATE).csv,1,1,0,0,0,0,0,0,,0,1,0,,FALSE,,,0,,0,,FALSE,FALSE,0,-1,0,,FALSE,FALSE,,FALSE,0,0,FALSE,FALSE,FALSE,FALSE,FALSE,,,
268,2,42,92.02.03 MVN STAT Reserve,,0,,TRUE,,4,4,$PATH\$DATASET\Convexinator\IUL_MVN_Reserve_$(VALDATE).csv,1,1,0,0,0,0,0,0,,0,1,0,,FALSE,,,0,,0,,FALSE,FALSE,0,-1,0,,FALSE,FALSE,,FALSE,0,0,FALSE,FALSE,FALSE,FALSE,FALSE,,,
270,1,44,92.03.02 MVN Calculate NPV,,0,,TRUE,,4,4,$PATH\$DATASET\Convexinator\IUL_MVN_$(TABLEID)_convexinator_$(VALDATE).csv,1,1,0,0,0,0,0,0,,0,1,0,,FALSE,,,0,,0,,FALSE,FALSE,0,0,0,,FALSE,FALSE,,FALSE,0,0,FALSE,FALSE,FALSE,FALSE,FALSE,,,
276,1,45,92.05 MVN Import Convexinator Weight,,0,,TRUE,,4,0,MVN Positive Convexinator Weight,1,1,0,0,0,0,0,0,,0,1,0,,FALSE,,,0,,0,,FALSE,FALSE,0,0,0,,FALSE,FALSE,,FALSE,0,0,FALSE,FALSE,FALSE,FALSE,FALSE,,,
276,2,274,92.05.01 MVN Policy With Positive Weight,,0,,TRUE,,3,0,,1,1,0,0,0,0,0,0,,0,1,0,,FALSE,,,0,,0,,FALSE,FALSE,0,0,0,,FALSE,FALSE,,FALSE,0,0,FALSE,FALSE,FALSE,FALSE,FALSE,,,
276,3,275,92.05.02 MVN Policy With Zero Weight,,0,,TRUE,,3,0,,1,1,0,0,0,0,0,0,,0,1,0,,FALSE,,,0,,0,,FALSE,FALSE,0,0,0,,FALSE,FALSE,,FALSE,0,0,FALSE,FALSE,FALSE,FALSE,FALSE,,,
276,4,152,Equity Consolidated PIT,,0,,TRUE,,5,0,,1,1,0,0,0,0,0,0,,0,1,0,,FALSE,,,1,MVN Compressed,0,,FALSE,FALSE,0,-1,0,,FALSE,FALSE,,FALSE,0,0,FALSE,FALSE,FALSE,FALSE,FALSE,,,
278,1,46,92.99 MVN DLLFEED Export,,0,,TRUE,,4,4,$PATH\$DATASET\DLLCall_MVN\input\MVN_DLLFEED_$(MVNDLLCALLID).csv,1,1,0,0,0,0,0,0,,0,1,0,,FALSE,,,0,,0,,FALSE,FALSE,0,-1,0,,FALSE,FALSE,,FALSE,0,0,FALSE,FALSE,FALSE,FALSE,FALSE,,,
304,1,49,93.01.06 EI_QDL_VM20_PIVOT TABLE_VALDATE,,0,,TRUE,,4,3,EI_EBM_S_P_VM20_PIVOT POINTS_Links_IMPORT,1,1,0,0,0,0,0,0,,0,1,2,Links,FALSE,,Local_SQL_Server [\\tagridfiler\ELINK_Development\Equity\Development\Datasets\IUL_Valuation\impexp.mdf],0,,0,,FALSE,FALSE,0,0,0,,FALSE,FALSE,,FALSE,0,0,FALSE,FALSE,FALSE,FALSE,FALSE,,,
317,1,307,15.01.01 ASSET SETUP CDF - Existing bond,,0,,TRUE,,3,0,,1,1,0,16190,0,0,0,8,00:00:08,0,1,0,,FALSE,Completed,,0,,0,,FALSE,FALSE,0,-1,0,,FALSE,FALSE,,FALSE,0,0,FALSE,FALSE,FALSE,FALSE,FALSE,,,
317,2,308,15.01.02 ASSET SETUP CDF - Existing mortgage,,0,,TRUE,,3,0,,1,1,0,1928,0,0,0,2,00:00:02,0,1,0,,FALSE,Completed,,0,,0,,FALSE,FALSE,0,-1,0,,FALSE,FALSE,,FALSE,0,0,FALSE,FALSE,FALSE,FALSE,FALSE,,,
317,3,309,15.01.03 ASSET SETUP CDF - Existing equity,,0,,TRUE,,3,0,,1,1,0,89,0,0,0,0,00:00:00,0,1,0,,FALSE,Completed,,0,,0,,FALSE,FALSE,0,-1,0,,FALSE,FALSE,,FALSE,0,0,FALSE,FALSE,FALSE,FALSE,FALSE,,,
317,4,310,15.01.04 ASSET SETUP CDF - Existing epa,,0,,TRUE,,3,0,,1,1,0,52,0,0,0,0,00:00:00,0,1,0,,FALSE,Completed,,0,,0,,FALSE,FALSE,0,-1,0,,FALSE,FALSE,,FALSE,0,0,FALSE,FALSE,FALSE,FALSE,FALSE,,,
317,5,311,15.01.05 ASSET SETUP CDF - Existing cmo,,0,,TRUE,,3,0,,1,1,0,89,0,0,0,1,00:00:01,0,1,0,,FALSE,Completed,,0,,0,,FALSE,FALSE,0,-1,0,,FALSE,FALSE,,FALSE,0,0,FALSE,FALSE,FALSE,FALSE,FALSE,,,
317,6,312,15.01.06 ASSET SETUP CDF - Existing intc,,0,,TRUE,,3,0,,1,1,0,307,0,0,0,0,00:00:00,0,1,0,,FALSE,Completed,,0,,0,,FALSE,FALSE,0,-1,0,,FALSE,FALSE,,FALSE,0,0,FALSE,FALSE,FALSE,FALSE,FALSE,,,
317,7,313,15.01.07 ASSET SETUP CDF - Unwind bond,,0,,TRUE,,3,0,,1,1,0,292,0,0,0,1,00:00:01,0,1,0,,FALSE,Completed,,0,,0,,FALSE,FALSE,0,-1,0,,FALSE,FALSE,,FALSE,0,0,FALSE,FALSE,FALSE,FALSE,FALSE,,,
317,8,314,15.01.08 ASSET SETUP CDF - Reinvest bond,,0,,TRUE,,3,0,,1,1,0,69,0,0,0,0,00:00:00,0,1,0,,FALSE,Completed,,0,,0,,FALSE,FALSE,0,-1,0,,FALSE,FALSE,,FALSE,0,0,FALSE,FALSE,FALSE,FALSE,FALSE,,,
317,9,315,15.01.09 ASSET SETUP CDF - Reinvest mortgage,,0,,TRUE,,3,0,,1,1,0,18,0,0,0,0,00:00:00,0,1,0,,FALSE,Completed,,0,,0,,FALSE,FALSE,0,-1,0,,FALSE,FALSE,,FALSE,0,0,FALSE,FALSE,FALSE,FALSE,FALSE,,,
317,10,316,15.01.10 ASSET SETUP CDF - Reinvest equity,,0,,TRUE,,3,0,,1,1,0,7,0,0,0,1,00:00:01,0,1,0,,FALSE,Completed,,0,,0,,FALSE,FALSE,0,-1,0,,FALSE,FALSE,,FALSE,0,0,FALSE,FALSE,FALSE,FALSE,FALSE,,,
323,3,71,15.07.01 Existing bonds,,0,,TRUE,,0,0,,1,1,0,0,0,0,0,2,00:00:02,0,1,0,,FALSE,Completed,,0,,0,,FALSE,FALSE,0,0,0,,FALSE,FALSE,,TRUE,0,0,FALSE,FALSE,FALSE,FALSE,FALSE,31-Mar-20,,
323,4,71,15.07.01 Existing bonds,,0,,TRUE,,1,0,,1,1,0,15425,794,14631,0,4,00:00:04,0,1,0,,FALSE,Completed,,0,,0,,FALSE,FALSE,0,0,0,,FALSE,FALSE,,FALSE,0,0,FALSE,FALSE,FALSE,FALSE,FALSE,,7,15.01.01 Existing bonds
323,5,71,15.07.01 Existing bonds,,0,,FALSE,,2,0,,1,1,0,0,0,0,0,0,00:00:00,0,1,0,,FALSE,Step disabled,,0,,0,,FALSE,FALSE,0,0,0,,FALSE,FALSE,,FALSE,0,0,FALSE,FALSE,FALSE,FALSE,FALSE,,,
323,6,71,15.07.01 Existing bonds,,0,,TRUE,,6,0,,1,1,0,794,794,0,0,21,00:00:21,0,1,0,,FALSE,Completed,,0,,0,,FALSE,FALSE,0,0,0,,FALSE,FALSE,,FALSE,0,0,FALSE,FALSE,FALSE,FALSE,FALSE,,,
323,27,77,15.07.07 Unwind bonds,,0,,TRUE,,0,0,,1,1,0,0,0,0,0,3,00:00:03,0,1,0,,FALSE,Completed,,0,,0,,FALSE,FALSE,0,0,0,,FALSE,FALSE,,TRUE,0,0,FALSE,FALSE,FALSE,FALSE,FALSE,31-Mar-20,,
323,28,77,15.07.07 Unwind bonds,,0,,TRUE,,1,0,,1,1,0,159,0,159,0,3,00:00:03,0,1,0,,FALSE,Completed,,0,,0,,FALSE,FALSE,0,0,0,,FALSE,FALSE,,FALSE,0,0,FALSE,FALSE,FALSE,FALSE,FALSE,,13,15.01.07 Unwind bonds
323,29,77,15.07.07 Unwind bonds,,0,,FALSE,,2,0,,1,1,0,0,0,0,0,0,00:00:00,0,1,0,,FALSE,Step disabled,,0,,0,,FALSE,FALSE,0,0,0,,FALSE,FALSE,,FALSE,0,0,FALSE,FALSE,FALSE,FALSE,FALSE,,,
323,30,77,15.07.07 Unwind bonds,,0,,TRUE,,6,0,,1,1,0,0,0,0,0,5,00:00:05,0,1,0,,FALSE,Completed,,0,,0,,FALSE,FALSE,0,0,0,,FALSE,FALSE,,FALSE,0,0,FALSE,FALSE,FALSE,FALSE,FALSE,,,
323,31,105055,Subfunds,,0,,TRUE,,2,0,,1,1,0,29,29,0,0,2,00:00:02,0,1,0,,FALSE,Completed,,0,,0,,FALSE,FALSE,0,0,0,,FALSE,FALSE,,FALSE,0,0,FALSE,FALSE,FALSE,FALSE,FALSE,,,
323,34,105055,Subfunds,,0,,TRUE,,6,0,,1,1,0,29,29,0,0,3,00:00:03,0,1,0,,FALSE,Completed,,0,,0,,FALSE,FALSE,0,0,0,,FALSE,FALSE,EI_F_BASE_VM20,FALSE,0,0,FALSE,FALSE,FALSE,FALSE,FALSE,,,
323,2,105055,Subfunds,,0,,TRUE,,0,0,,1,1,0,0,0,0,0,1,00:00:01,0,1,0,,FALSE,Completed,,0,,0,,FALSE,FALSE,0,0,0,,FALSE,FALSE,,TRUE,0,0,FALSE,FALSE,FALSE,FALSE,FALSE,30-Jun-20,,
323,33,105084,Funds,,0,,TRUE,,6,0,,1,1,0,3,3,0,0,0,00:00:00,0,1,0,,FALSE,Completed,,0,,0,,FALSE,FALSE,0,0,0,,FALSE,FALSE,EI_F_BASE_VM20,FALSE,0,0,FALSE,FALSE,FALSE,FALSE,FALSE,,,
323,1,0,,,0,,TRUE,,21,0,,1,1,0,0,0,0,1,1,00:00:01,0,1,0,,FALSE,Completed,,0,,0,,FALSE,FALSE,0,0,0,,FALSE,FALSE,,FALSE,0,0,FALSE,FALSE,FALSE,FALSE,FALSE,,,
323,32,105084,Funds,,0,,TRUE,,2,0,,1,1,0,3,3,0,0,0,00:00:00,0,1,0,,FALSE,Completed,,0,,0,,FALSE,FALSE,0,0,0,,FALSE,FALSE,,FALSE,0,0,FALSE,FALSE,FALSE,FALSE,FALSE,,,
323,7,72,15.07.02 Existing mortgages,,0,,TRUE,,0,0,,1,1,0,0,0,0,0,2,00:00:02,0,1,0,,FALSE,Completed,,0,,0,,FALSE,FALSE,0,0,0,,FALSE,FALSE,,TRUE,0,0,FALSE,FALSE,FALSE,FALSE,FALSE,31-Mar-20,,
323,8,72,15.07.02 Existing mortgages,,0,,TRUE,,1,0,,1,1,0,1902,101,1801,0,4,00:00:04,0,1,0,,FALSE,Completed,,0,,0,,FALSE,FALSE,0,0,0,,FALSE,FALSE,,FALSE,0,0,FALSE,FALSE,FALSE,FALSE,FALSE,,8,15.01.02 Existing mortgages
323,9,72,15.07.02 Existing mortgages,,0,,FALSE,,2,0,,1,1,0,0,0,0,0,0,00:00:00,0,1,0,,FALSE,Step disabled,,0,,0,,FALSE,FALSE,0,0,0,,FALSE,FALSE,,FALSE,0,0,FALSE,FALSE,FALSE,FALSE,FALSE,,,
323,10,72,15.07.02 Existing mortgages,,0,,TRUE,,6,0,,1,1,0,101,101,0,0,6,00:00:06,0,1,0,,FALSE,Completed,,0,,0,,FALSE,FALSE,0,0,0,,FALSE,FALSE,,FALSE,0,0,FALSE,FALSE,FALSE,FALSE,FALSE,,,
323,11,73,15.07.03 Existing equities,,0,,TRUE,,0,0,,1,1,0,0,0,0,0,2,00:00:02,0,1,0,,FALSE,Completed,,0,,0,,FALSE,FALSE,0,0,0,,FALSE,FALSE,,TRUE,0,0,FALSE,FALSE,FALSE,FALSE,FALSE,31-Mar-20,,
323,12,73,15.07.03 Existing equities,,0,,TRUE,,1,0,,1,1,0,111,4,107,0,8,00:00:08,0,1,0,,FALSE,Completed,,0,,0,,FALSE,FALSE,0,0,0,,FALSE,FALSE,,FALSE,0,0,FALSE,FALSE,FALSE,FALSE,FALSE,,9,15.01.03 Existing equities
323,13,73,15.07.03 Existing equities,,0,,FALSE,,2,0,,1,1,0,0,0,0,0,0,00:00:00,0,1,0,,FALSE,Step disabled,,0,,0,,FALSE,FALSE,0,0,0,,FALSE,FALSE,,FALSE,0,0,FALSE,FALSE,FALSE,FALSE,FALSE,,,
323,14,73,15.07.03 Existing equities,,0,,TRUE,,6,0,,1,1,0,4,4,0,0,3,00:00:03,0,1,0,,FALSE,Completed,,0,,0,,FALSE,FALSE,0,0,0,,FALSE,FALSE,,FALSE,0,0,FALSE,FALSE,FALSE,FALSE,FALSE,,,
323,16,74,15.07.04 Existing epas,,0,,TRUE,,1,0,,1,1,0,18,17,1,0,2,00:00:02,0,1,0,,FALSE,Completed,,0,,0,,FALSE,FALSE,0,0,0,,FALSE,FALSE,,FALSE,0,0,FALSE,FALSE,FALSE,FALSE,FALSE,,10,15.01.04 Existing epas
323,15,74,15.07.04 Existing epas,,0,,TRUE,,0,0,,1,1,0,0,0,0,0,2,00:00:02,0,1,0,,FALSE,Completed,,0,,0,,FALSE,FALSE,0,0,0,,FALSE,FALSE,,TRUE,0,0,FALSE,FALSE,FALSE,FALSE,FALSE,31-Mar-20,,
323,17,74,15.07.04 Existing epas,,0,,FALSE,,2,0,,1,1,0,0,0,0,0,0,00:00:00,0,1,0,,FALSE,Step disabled,,0,,0,,FALSE,FALSE,0,0,0,,FALSE,FALSE,,FALSE,0,0,FALSE,FALSE,FALSE,FALSE,FALSE,,,
323,18,74,15.07.04 Existing epas,,0,,TRUE,,6,0,,1,1,0,17,17,0,0,3,00:00:03,0,1,0,,FALSE,Completed,,0,,0,,FALSE,FALSE,0,0,0,,FALSE,FALSE,,FALSE,0,0,FALSE,FALSE,FALSE,FALSE,FALSE,,,
323,19,75,15.07.05 Existing cmos,,0,,TRUE,,0,0,,1,1,0,0,0,0,0,2,00:00:02,0,1,0,,FALSE,Completed,,0,,0,,FALSE,FALSE,0,0,0,,FALSE,FALSE,,FALSE,0,0,FALSE,FALSE,FALSE,FALSE,FALSE,,,
323,20,75,15.07.05 Existing cmos,,0,,TRUE,,1,0,,1,1,0,105,0,105,0,3,00:00:03,0,1,0,,FALSE,Completed,,0,,0,,FALSE,FALSE,0,0,0,,FALSE,FALSE,,FALSE,0,0,FALSE,FALSE,FALSE,FALSE,FALSE,,11,15.01.05 Existing cmos
323,21,75,15.07.05 Existing cmos,,0,,FALSE,,2,0,,1,1,0,0,0,0,0,0,00:00:00,0,1,0,,FALSE,Step disabled,,0,,0,,FALSE,FALSE,0,0,0,,FALSE,FALSE,,FALSE,0,0,FALSE,FALSE,FALSE,FALSE,FALSE,,,
323,22,75,15.07.05 Existing cmos,,0,,TRUE,,6,0,,1,1,0,0,0,0,0,4,00:00:04,0,1,0,,FALSE,Completed,,0,,0,,FALSE,FALSE,0,0,0,,FALSE,FALSE,,FALSE,0,0,FALSE,FALSE,FALSE,FALSE,FALSE,,,
323,23,76,15.07.06 Existing intcs,,0,,TRUE,,0,0,,1,1,0,0,0,0,0,2,00:00:02,0,1,0,,FALSE,Completed,,0,,0,,FALSE,FALSE,0,0,0,,FALSE,FALSE,,TRUE,0,0,FALSE,FALSE,FALSE,FALSE,FALSE,31-Mar-20,,
323,24,76,15.07.06 Existing intcs,,0,,TRUE,,1,0,,1,1,0,226,2,224,0,3,00:00:03,0,1,0,,FALSE,Completed,,0,,0,,FALSE,FALSE,0,0,0,,FALSE,FALSE,,FALSE,0,0,FALSE,FALSE,FALSE,FALSE,FALSE,,12,15.01.06 Existing intcs
323,25,76,15.07.06 Existing intcs,,0,,FALSE,,2,0,,1,1,0,0,0,0,0,0,00:00:00,0,1,0,,FALSE,Step disabled,,0,,0,,FALSE,FALSE,0,0,0,,FALSE,FALSE,,FALSE,0,0,FALSE,FALSE,FALSE,FALSE,FALSE,,,
323,26,76,15.07.06 Existing intcs,,0,,TRUE,,6,0,,1,1,0,2,2,0,0,4,00:00:04,0,1,0,,FALSE,Completed,,0,,0,,FALSE,FALSE,0,0,0,,FALSE,FALSE,,FALSE,0,0,FALSE,FALSE,FALSE,FALSE,FALSE,,,
324,1,68,15.08.08 Reinvestment bonds,,0,,TRUE,,0,0,,1,1,0,0,0,0,0,1,00:00:01,0,1,0,,FALSE,Completed,,0,,0,,FALSE,FALSE,0,0,0,,FALSE,FALSE,,TRUE,0,0,FALSE,FALSE,FALSE,FALSE,FALSE,31-Mar-20,,
324,2,68,15.08.08 Reinvestment bonds,,0,,TRUE,,1,0,,1,1,0,68,67,1,0,0,00:00:00,0,1,0,,FALSE,Completed,,0,,0,,FALSE,FALSE,0,0,0,,FALSE,FALSE,,FALSE,0,0,FALSE,FALSE,FALSE,FALSE,FALSE,,14,15.01.08 Reinvestment bonds
324,3,68,15.08.08 Reinvestment bonds,,0,,TRUE,,2,0,,1,1,0,67,67,0,0,0,00:00:00,0,1,0,,FALSE,Completed,,0,,0,,FALSE,FALSE,0,0,0,,FALSE,FALSE,,FALSE,0,0,FALSE,FALSE,FALSE,FALSE,FALSE,,,
324,4,68,15.08.08 Reinvestment bonds,,0,,TRUE,,6,0,,1,1,0,67,67,0,0,2,00:00:02,0,1,0,,FALSE,Completed,,0,,0,,FALSE,FALSE,0,0,0,,FALSE,FALSE,,FALSE,0,0,FALSE,FALSE,FALSE,FALSE,FALSE,,,
324,5,69,15.08.09 Reinvestment mortgages,,0,,TRUE,,0,0,,1,1,0,0,0,0,0,1,00:00:01,0,1,0,,FALSE,Completed,,0,,0,,FALSE,FALSE,0,0,0,,FALSE,FALSE,,TRUE,0,0,FALSE,FALSE,FALSE,FALSE,FALSE,31-Mar-20,,
324,6,69,15.08.09 Reinvestment mortgages,,0,,TRUE,,1,0,,1,1,0,18,17,1,0,0,00:00:00,0,1,0,,FALSE,Completed,,0,,0,,FALSE,FALSE,0,0,0,,FALSE,FALSE,,FALSE,0,0,FALSE,FALSE,FALSE,FALSE,FALSE,,15,15.01.09 Reinvestment mortgages
324,7,69,15.08.09 Reinvestment mortgages,,0,,TRUE,,2,0,,1,1,0,17,17,0,0,1,00:00:01,0,1,0,,FALSE,Completed,,0,,0,,FALSE,FALSE,0,0,0,,FALSE,FALSE,,FALSE,0,0,FALSE,FALSE,FALSE,FALSE,FALSE,,,
324,8,69,15.08.09 Reinvestment mortgages,,0,,TRUE,,6,0,,1,1,0,17,17,0,0,0,00:00:00,0,1,0,,FALSE,Completed,,0,,0,,FALSE,FALSE,0,0,0,,FALSE,FALSE,,FALSE,0,0,FALSE,FALSE,FALSE,FALSE,FALSE,,,
324,9,70,15.08.10 Reinvestment equities,,0,,TRUE,,0,0,,1,1,0,0,0,0,0,1,00:00:01,0,1,0,,FALSE,Completed,,0,,0,,FALSE,FALSE,0,0,0,,FALSE,FALSE,,TRUE,0,0,FALSE,FALSE,FALSE,FALSE,FALSE,31-Mar-20,,
324,10,70,15.08.10 Reinvestment equities,,0,,TRUE,,1,0,,1,1,0,7,6,1,0,0,00:00:00,0,1,0,,FALSE,Completed,,0,,0,,FALSE,FALSE,0,0,0,,FALSE,FALSE,,FALSE,0,0,FALSE,FALSE,FALSE,FALSE,FALSE,,16,15.01.10 Reinvestment equities
324,11,70,15.08.10 Reinvestment equities,,0,,TRUE,,2,0,,1,1,0,6,6,0,0,1,00:00:01,0,1,0,,FALSE,Completed,,0,,0,,FALSE,FALSE,0,0,0,,FALSE,FALSE,,FALSE,0,0,FALSE,FALSE,FALSE,FALSE,FALSE,,,
324,12,70,15.08.10 Reinvestment equities,,0,,TRUE,,6,0,,1,1,0,6,6,0,0,0,00:00:00,0,1,0,,FALSE,Completed,,0,,0,,FALSE,FALSE,0,0,0,,FALSE,FALSE,,FALSE,0,0,FALSE,FALSE,FALSE,FALSE,FALSE,,,
337,1,50,Determine NPR for PBR Run,,0,,TRUE,,4,3,NPR_for_PBR_Feed_$(TABLEID),1,1,0,0,0,0,0,7,00:00:07,0,1,2,Miscellaneous,FALSE,Completed,Local_SQL_Server [\\tagridfiler\ELINK_Development\Equity\Development\Datasets\IUL_Valuation\impexp.mdf],0,,0,,FALSE,FALSE,0,-1,2,,FALSE,FALSE,,FALSE,0,0,FALSE,FALSE,FALSE,FALSE,FALSE,,,
337,2,82,NPR for PBR Feed,,0,,TRUE,,0,0,,1,1,0,0,0,0,0,0,,0,1,0,,FALSE,,,0,,0,,FALSE,FALSE,0,0,0,,FALSE,FALSE,,TRUE,0,0,FALSE,FALSE,FALSE,FALSE,FALSE,30-Jun-20,,
337,3,82,NPR for PBR Feed,,0,,TRUE,,1,0,,1,1,0,0,0,0,0,0,,0,1,0,,FALSE,,,0,,0,,FALSE,FALSE,0,0,0,,FALSE,FALSE,,FALSE,0,0,FALSE,FALSE,FALSE,FALSE,FALSE,,17,NPR for PBR
346,1,0,,,0,,FALSE,,21,0,,1,1,0,0,0,0,0,0,,0,1,0,,FALSE,,,0,,0,,FALSE,FALSE,0,0,0,,FALSE,FALSE,,FALSE,0,0,FALSE,FALSE,FALSE,FALSE,FALSE,,,
346,2,102084,Funds,,0,,FALSE,,0,0,,1,1,0,0,0,0,0,0,,0,1,0,,FALSE,,,0,,0,,FALSE,FALSE,0,0,0,,FALSE,FALSE,,FALSE,0,0,FALSE,FALSE,FALSE,FALSE,FALSE,,,
346,3,102055,Subfunds,,0,,FALSE,,0,0,,1,1,0,0,0,0,0,0,,0,1,0,,FALSE,,,0,,0,,FALSE,FALSE,0,0,0,,FALSE,FALSE,,FALSE,0,0,FALSE,FALSE,FALSE,FALSE,FALSE,,,
346,4,102055,Subfunds,,0,,FALSE,,1,0,,1,1,0,0,0,0,0,0,,0,1,0,,FALSE,,,0,,0,,FALSE,FALSE,0,0,0,,FALSE,FALSE,,FALSE,0,0,FALSE,FALSE,FALSE,FALSE,FALSE,,6,EI_DLF_VM20_SUBFUND LIST
346,5,102055,Subfunds,,0,,TRUE,,2,0,,1,1,0,0,0,0,0,0,,0,1,0,,FALSE,,,0,,0,,FALSE,FALSE,0,0,0,,FALSE,FALSE,,FALSE,0,0,FALSE,FALSE,FALSE,FALSE,FALSE,,,
346,6,102084,Funds,,0,,TRUE,,2,0,,1,1,0,0,0,0,0,0,,0,1,0,,FALSE,,,0,,0,,FALSE,FALSE,0,0,0,,FALSE,FALSE,,FALSE,0,0,FALSE,FALSE,FALSE,FALSE,FALSE,,,
346,7,102084,Funds,,0,,TRUE,,6,0,,1,1,0,0,0,0,0,0,,0,1,0,,FALSE,,,0,,0,,FALSE,FALSE,0,-1,0,,FALSE,FALSE,EI_F_BASE_VM20,FALSE,0,0,FALSE,FALSE,FALSE,FALSE,FALSE,,,
346,8,102055,Subfunds,,0,,TRUE,,6,0,,1,1,0,0,0,0,0,0,,0,1,0,,FALSE,,,0,,0,,FALSE,FALSE,0,0,0,,FALSE,FALSE,,FALSE,0,0,FALSE,FALSE,FALSE,FALSE,FALSE,,,
349,1,51,93.04.05 VM20 EPA Scenario Links,,0,,TRUE,,4,3,EPA_Links_VM20_Import,1,1,0,0,0,0,0,0,,0,1,2,Links,FALSE,,Local_SQL_Server [\\tagridfiler\ELINK_Development\ModelDev\Vin\IUL_PBR\Datasets\IUL_Valuation\impexp.mdf],0,,0,,FALSE,FALSE,0,-1,0,,FALSE,FALSE,,FALSE,0,0,FALSE,FALSE,FALSE,FALSE,FALSE,,,
362,1,53,CFT TLIC Scenarios,,0,,TRUE,,4,3,CFT_TLIC_Scen,1,1,0,0,0,0,0,1,00:00:01,0,1,2,Flexible format Scenario data,FALSE,Completed,Local_SQL_Server [\\win000440\downloads\WorkAreaTest\Vin\Datasets\IUL_202006_PROJ\impexp.mdf],0,,0,,FALSE,FALSE,0,-1,2,,FALSE,FALSE,,FALSE,,,FALSE,FALSE,FALSE,FALSE,FALSE,,,
362,2,54,CFT TFLIC Scenarios,,0,,TRUE,,4,3,CFT_TFLIC_Scen,1,1,0,0,0,0,0,1,00:00:01,0,1,2,Flexible format Scenario data,FALSE,Completed,Local_SQL_Server [\\win000440\downloads\WorkAreaTest\Vin\Datasets\IUL_202006_PROJ\impexp.mdf],0,,0,,FALSE,FALSE,0,-1,2,,FALSE,FALSE,,FALSE,,,FALSE,FALSE,FALSE,FALSE,FALSE,,,
395,1,56,80.00.02.01 PRI Data_Extract_to_Mdf,,0,,TRUE,,4,3,Data_Extract_Pre,1,1,0,0,0,0,1,38,00:00:38,0,1,2,Miscellaneous,FALSE,Failed,Local_SQL_Server [\\tagridfiler\ELINK_Development\ModelDev\IUL_PBR\Pricing\Datasets\IUL_Valuation_V71_00\impexp.mdf],0,,0,,FALSE,FALSE,0,0,2,,FALSE,FALSE,,FALSE,0,0,FALSE,FALSE,FALSE,FALSE,FALSE,,,
395,2,57,80.00.02.02 PRI Fund Values to Mdf,,0,,TRUE,,4,3,Fund_Values_Extract_Pre,1,1,0,0,0,0,0,0, ,0,1,2,Miscellaneous,FALSE, ,Local_SQL_Server [\\tagridfiler\ELINK_Development\ModelDev\IUL_PBR\Pricing\Datasets\IUL_Valuation_V71_00\impexp.mdf],0,,0,,FALSE,FALSE,0,-1,2,,FALSE,FALSE,,FALSE,0,0,FALSE,FALSE,FALSE,FALSE,FALSE,,,
395,3,58,80.00.02.03 PRI Other Benefit to Mdf,,0,,TRUE,,4,3,Other_Benefit_Info_Pre,1,1,0,0,0,0,0,0, ,0,1,2,Miscellaneous,FALSE, ,Local_SQL_Server [\\tagridfiler\ELINK_Development\ModelDev\IUL_PBR\Pricing\Datasets\IUL_Valuation_V71_00\impexp.mdf],0,,0,,FALSE,FALSE,0,0,2,,FALSE,FALSE,,FALSE,0,0,FALSE,FALSE,FALSE,FALSE,FALSE,,,
409,1,60,80.05.02.01 PRI MCP Scenarios,,0,,TRUE,,4,3,MCP Scenarios_PRI,1,1,0,0,0,0,0,0,00:00:00,0,1,2,Flexible format Scenario data,FALSE,Step disabled,Local_SQL_Server [\\tagridfiler\ELINK_Development\ModelDev\IUL_PBR\Pricing\Datasets\IUL_Valuation_V71_01\impexp.mdf],0,,0,,FALSE,FALSE,0,0,2,,FALSE,FALSE,,FALSE,0,0,FALSE,FALSE,FALSE,FALSE,FALSE,,,
409,2,61,80.05.02.02 PRI Current Scenarios,,0,,TRUE,,4,3,Current Scenarios_PRI,1,1,0,0,0,0,0,4,00:00:04,0,1,2,Flexible format Scenario data,FALSE,Completed,Local_SQL_Server [\\tagridfiler\ELINK_Development\ModelDev\IUL_PBR\Pricing\Datasets\IUL_Valuation_V71_01\impexp.mdf],0,,0,,FALSE,FALSE,0,0,2,,FALSE,FALSE,,FALSE,0,0,FALSE,FALSE,FALSE,FALSE,FALSE,,,
420,6,68,PRI09.02.06 MCP Export WFG06,,0,,TRUE,,4,4,$path\$dataset\DLLCall_MCVNB\input\SERI_MCVNB_WFG06.CSV,1,1,0,0,0,0,0,0,,0,1,0,,FALSE,,,0,,0,,FALSE,FALSE,0,-1,0,,FALSE,FALSE,,FALSE,0,0,FALSE,FALSE,FALSE,FALSE,FALSE,,,
420,1,64,PRI09.02.01 MCP Export AGY09,,0,,TRUE,,4,4,$path\$dataset\DLLCall_MCVNB\input\SERI_MCVNB_AGY09.CSV,1,1,0,0,0,0,0,0,,0,1,0,,FALSE,,,0,,0,,FALSE,FALSE,0,0,0,,FALSE,FALSE,,FALSE,0,0,FALSE,FALSE,FALSE,FALSE,FALSE,,,
420,2,63,PRI09.02.02 MCP Export AGY09LTC,,0,,TRUE,,4,4,$path\$dataset\DLLCall_MCVNB\input\SERI_MCVNB_AGY09LTC.CSV,1,1,0,0,0,0,0,0,,0,1,0,,FALSE,,,0,,0,,FALSE,FALSE,0,0,0,,FALSE,FALSE,,FALSE,0,0,FALSE,FALSE,FALSE,FALSE,FALSE,,,
420,3,65,PRI09.02.03 MCP Export BRKG,,0,,TRUE,,4,4,$path\$dataset\DLLCall_MCVNB\input\SERI_MCVNB_BRKG.CSV,1,1,0,0,0,0,0,0,,0,1,0,,FALSE,,,0,,0,,FALSE,FALSE,0,0,0,,FALSE,FALSE,,FALSE,0,0,FALSE,FALSE,FALSE,FALSE,FALSE,,,
420,4,66,PRI09.02.04 MCP Export WFG09,,0,,TRUE,,4,4,$path\$dataset\DLLCall_MCVNB\input\SERI_MCVNB_WFG09.CSV,1,1,0,0,0,0,0,0,,0,1,0,,FALSE,,,0,,0,,FALSE,FALSE,0,-1,0,,FALSE,FALSE,,FALSE,0,0,FALSE,FALSE,FALSE,FALSE,FALSE,,,
420,5,67,PRI09.02.05 MCP Export WFG09LTC,,0,,TRUE,,4,4,$path\$dataset\DLLCall_MCVNB\input\SERI_MCVNB_WFG09LTC.CSV,1,1,0,0,0,0,0,0,,0,1,0,,FALSE,,,0,,0,,FALSE,FALSE,0,-1,0,,FALSE,FALSE,,FALSE,0,0,FALSE,FALSE,FALSE,FALSE,FALSE,,,
431,1,69,80.06.07 PRI_FIRST PIVOT TO VALDATE,,0,,TRUE,,4,3,EI_EBM_S_P_VM20_PIVOT POINTS_Links_IMPORT,1,1,0,0,0,0,0,0,,0,1,2,Links,FALSE,,Local_SQL_Server [\\tagridfiler\ELINK_Development\ModelDev\IUL_PBR\Pricing\Datasets\IUL_Valuation_V71_05\impexp.mdf],0,,0,,FALSE,FALSE,0,0,0,,FALSE,FALSE,,FALSE,0,0,FALSE,FALSE,FALSE,FALSE,FALSE,,,
445,9,80,95.02.10i IFRS17 HM - FINAL CONTROL,,0,,TRUE,,4,3,$(tableid)_KC2,1,1,0,0,0,0,0,0,,0,1,7,Miscellaneous,FALSE,,OutputDB [$(RESULTSSERVER) . $(RESULTSDB)],0,,0,,FALSE,FALSE,0,0,7,,FALSE,FALSE,,FALSE,0,0,FALSE,FALSE,FALSE,FALSE,FALSE,,,
445,1,73,95.02.10a IFRS17 HM - Average Over Scenarios,,0,,TRUE,,4,3,$(tableid)_1 Average Over Scenarios,1,1,0,0,0,0,0,0,00:00:00,0,1,7,Miscellaneous,FALSE,Step disabled,OutputDB [$(RESULTSSERVER) . $(RESULTSDB)],0,,0,,FALSE,FALSE,0,-1,7,,FALSE,FALSE,,FALSE,0,0,FALSE,FALSE,FALSE,FALSE,FALSE,,,
445,2,74,95.02.10b IFRS17 HM - Sum Over Base Policies,,0,,TRUE,,4,3,$(tableid)_2 Sum Over Base Policies,1,1,0,0,0,0,0,0,00:00:00,0,1,7,Miscellaneous,FALSE,Step disabled,OutputDB [$(RESULTSSERVER) . $(RESULTSDB)],0,,0,,FALSE,FALSE,0,-1,7,,FALSE,FALSE,,FALSE,0,0,FALSE,FALSE,FALSE,FALSE,FALSE,,,
445,3,75,95.02.10c IFRS17 HM - Shock Minus Base,,0,,TRUE,,4,3,$(tableid)_3 Shock Minus Base,1,1,0,0,0,0,0,0,00:00:00,0,1,7,Miscellaneous,FALSE,Step disabled,OutputDB [$(RESULTSSERVER) . $(RESULTSDB)],0,,0,,FALSE,FALSE,0,0,7,,FALSE,FALSE,,FALSE,0,0,FALSE,FALSE,FALSE,FALSE,FALSE,,,
445,5,76,95.02.10e IFRS17 HM - Max Of Up/Down Shocks,,0,,TRUE,,4,3,$(tableid)_4 Max of Up Down Shocks,1,1,0,0,0,0,0,0,00:00:00,0,1,7,Miscellaneous,FALSE,Step disabled,OutputDB [$(RESULTSSERVER) . $(RESULTSDB)],0,,0,,FALSE,FALSE,0,0,7,,FALSE,FALSE,,FALSE,0,0,FALSE,FALSE,FALSE,FALSE,FALSE,,,
445,6,77,95.02.10f IFRS17 HM - Apply Div Factors and Floor,,0,,TRUE,,4,3,$(tableid)_5 Apply Div Fact and Flr,1,1,0,0,0,0,0,0,00:00:00,0,1,7,Miscellaneous,FALSE,Step disabled,OutputDB [$(RESULTSSERVER) . $(RESULTSDB)],0,,0,,FALSE,FALSE,0,0,7,,FALSE,FALSE,,FALSE,0,0,FALSE,FALSE,FALSE,FALSE,FALSE,,,
445,7,78,95.02.10g IFRS17 HM - Calculate RA,,0,,TRUE,,4,3,$(tableid)_6 Calculate RA,1,1,0,0,0,0,0,0,00:00:00,0,1,7,Miscellaneous,FALSE,Step disabled,OutputDB [$(RESULTSSERVER) . $(RESULTSDB)],0,,0,,FALSE,FALSE,0,0,7,,FALSE,FALSE,,FALSE,0,0,FALSE,FALSE,FALSE,FALSE,FALSE,,,
445,8,79,95.02.10h IFRS17 HM - FINAL OUTPUT,,0,,TRUE,,4,3,$(tableid)_FINAL,1,1,0,0,0,0,0,2,00:00:02,0,1,7,Miscellaneous,FALSE,Completed,OutputDB [$(RESULTSSERVER) . $(RESULTSDB)],0,,0,,FALSE,FALSE,0,0,7,,FALSE,FALSE,,FALSE,0,0,FALSE,FALSE,FALSE,FALSE,FALSE,,,
445,4,103,95.02.10d IFRS17 HM - Add Contagion Shock,,0,,TRUE,,4,3,$(tableid)_3 Shock Minus Base,1,1,0,0,0,0,0,0,,0,1,7,Miscellaneous,TRUE,,OutputDB [$(RESULTSSERVER) . $(RESULTSDB)],0,,0,,FALSE,FALSE,0,0,7,,FALSE,FALSE,,FALSE,0,0,FALSE,FALSE,FALSE,FALSE,FALSE,,,
455,3,86,94.02.50c IFRS17 Control - Lockin KC4,,0,,TRUE,,4,3,$(IFRS17_Output_Name)_KC4_L,1,1,0,0,0,0,0,0,00:00:00,0,1,7,Miscellaneous,FALSE,Step disabled,OutputDB [$(RESULTSSERVER) . $(RESULTSDB)],0,,0,,FALSE,FALSE,0,-1,7,,FALSE,FALSE,,FALSE,0,0,FALSE,FALSE,FALSE,FALSE,FALSE,,,
455,1,135,94.02.50a IFRS17 Control - Lockin Sum Scen,,0,,TRUE,,4,3,$(IFRS17_Output_Name)_KC4c,1,1,0,0,0,0,0,9,00:00:09,0,1,2,Miscellaneous,FALSE,Completed,Local_SQL_Server [\\tagridfiler\ELINK_Development\ModelDev\Wenjing\Consolidation\Datasets\Equity_Cons_Valuation_v16\impexp.mdf],0,,0,,FALSE,FALSE,0,-1,2,,FALSE,FALSE,,FALSE,0,0,FALSE,FALSE,FALSE,FALSE,FALSE,,,
455,2,139,94.02.50b IFRS17 Control - Lockin PV Scen,,0,,TRUE,,4,3,$(IFRS17_Output_Name)_KC4d,1,1,0,0,0,0,0,0,00:00:00,0,1,2,Miscellaneous,FALSE,Step disabled,Local_SQL_Server [\\tagridfiler\ELINK_Development\ModelDev\Wenjing\Consolidation\Datasets\Equity_Cons_Valuation_v16\impexp.mdf],0,,0,,FALSE,FALSE,0,-1,2,,FALSE,FALSE,,FALSE,0,0,FALSE,FALSE,FALSE,FALSE,FALSE,,,
455,4,87,94.02.50f IFRS17 Control - Lockin KC2 Compare,,0,,TRUE,,4,3,$(IFRS17_Output_Name)_KC2 Compare_L,1,1,0,0,0,0,0,0,00:00:00,0,1,7,Miscellaneous,FALSE,Step disabled,OutputDB [$(RESULTSSERVER) . $(RESULTSDB)],0,,0,,FALSE,FALSE,0,-1,7,,FALSE,FALSE,,FALSE,0,0,FALSE,FALSE,FALSE,FALSE,FALSE,,,
461,1,87,80.25 Ceded Return,,0,,TRUE,,4,3,IUL_Ceded_Return_$(TABLEID),1,1,0,0,0,0,0,12,00:00:12,0,1,7,Miscellaneous,FALSE,Completed,OutputDB [$(RESULTSSERVER) . $(RESULTSDB)],0,,0,,FALSE,FALSE,0,-1,7,,FALSE,FALSE,,FALSE,0,0,FALSE,FALSE,FALSE,FALSE,FALSE,,,
467,2,100,71.01.04b IREPLICATE IFRS17 Export PIT,,0,,TRUE,,4,3,$(COMPRESSIONFILEPREFIX)_TrainPIT,1,1,0,0,0,0,0,539,00:08:59,0,1,7,Miscellaneous,FALSE,Completed,OutputDB [$(RESULTSSERVER) . $(RESULTSDB)],0,,0,,FALSE,FALSE,0,0,7,,FALSE,FALSE,,FALSE,0,0,FALSE,FALSE,FALSE,FALSE,FALSE,,,
467,3,102,71.01.04d IREPLICATE IFRS17 Export Map,,0,,TRUE,,4,3,$(COMPRESSIONFILEPREFIX)_TrainMap,1,1,0,0,0,0,0,0,00:00:00,0,1,7,Miscellaneous,FALSE,Step disabled,OutputDB [$(RESULTSSERVER) . $(RESULTSDB)],0,,0,,FALSE,FALSE,0,-1,7,,FALSE,FALSE,,FALSE,0,0,FALSE,FALSE,FALSE,FALSE,FALSE,,,
467,1,99,71.01.04c IREPLICATE IFRS17 Export PV CFs,,0,,TRUE,,4,3,$(COMPRESSIONFILEPREFIX)_TrainCFs,1,1,0,0,0,0,0,0,00:00:00,0,1,7,Miscellaneous,FALSE,Step disabled,OutputDB [$(RESULTSSERVER) . $(RESULTSDB)],0,,0,,FALSE,FALSE,0,0,7,,FALSE,FALSE,,FALSE,0,0,FALSE,FALSE,FALSE,FALSE,FALSE,,,
470,1,138,COMPRESSION Weights,,0,,TRUE,,0,0,,1,1,0,0,0,0,0,0,00:00:00,0,1,0,,FALSE,Completed,,0,,0,,FALSE,FALSE,0,0,0,,FALSE,FALSE,,TRUE,0,0,FALSE,FALSE,FALSE,FALSE,FALSE,31-Dec-20,,
470,2,138,COMPRESSION Weights,,0,,TRUE,,1,0,,1,1,0,15446,15446,0,0,3,00:00:03,0,1,0,,FALSE,Completed,,0,,0,,FALSE,FALSE,0,0,0,,FALSE,FALSE,,FALSE,0,0,FALSE,FALSE,FALSE,FALSE,FALSE,,19,COMPRESSION Weights Import DLF
477,1,152,Equity Consolidated PIT,,0,,TRUE,,5,0,,1,1,0,6,6,0,0,7,00:00:07,0,1,0,,FALSE,Completed,,0,,0,,FALSE,FALSE,0,-1,0,,FALSE,FALSE,Base cell for Actuarial assumptions,FALSE,0,0,FALSE,FALSE,FALSE,FALSE,FALSE,,,
481,1,104,89.01.00 UW Export Report To CSV,,0,,TRUE,,4,4,$PATH\$DATASET\DLLCall_MCVNB\input\SERI_MCVNB_Generic.CSV,1,1,0,0,0,0,0,64,00:01:04,0,1,0,,FALSE,Completed,,0,,0,,FALSE,FALSE,0,-1,0,,FALSE,FALSE,,FALSE,0,0,FALSE,FALSE,FALSE,FALSE,FALSE,,,
509,1,108,06.01 DLQ_EQTY_REINSURANCE_TREATY_OBJECTS,,0,,TRUE,,4,3,EQTY_REINSURANCE_TREATY_OBJECTS,1,1,0,0,0,0,0,18,00:00:18,0,1,11,Assumptions,FALSE,Completed,Standard Database Link [\\tagridfiler\ELINK_Development\VUL\AlexMandel\Datasets\Equity_Cons_Valuation_Cons_RAM\impexp.mdf],0,,0,,FALSE,FALSE,0,0,11,,FALSE,FALSE,,FALSE,0,0,FALSE,FALSE,FALSE,FALSE,FALSE,,,
509,2,109,06.01 DLQ_EQTY_CESSION_INFORMATION_TABLES,,0,,TRUE,,4,3,EQTY_CESSION_INFORMATION_TABLES,1,1,0,0,0,0,0,129,00:02:09,0,1,11,Tables,FALSE,Completed,Standard Database Link [\\tagridfiler\ELINK_Development\VUL\AlexMandel\Datasets\Equity_Cons_Valuation_Cons_RAM\impexp.mdf],0,,0,,FALSE,FALSE,0,0,11,,FALSE,FALSE,,FALSE,0,0,FALSE,FALSE,FALSE,FALSE,FALSE,,,
509,3,110,06.01 DLQ_EQTY_OPTIONAL_VECTOR,,0,,TRUE,,4,3,EQTY_OPTIONAL_VECTOR,1,1,0,0,0,0,0,6,00:00:06,0,1,11,Tables,FALSE,Completed,Standard Database Link [\\tagridfiler\ELINK_Development\VUL\AlexMandel\Datasets\Equity_Cons_Valuation_Cons_RAM\impexp.mdf],0,,0,,FALSE,FALSE,0,0,11,,FALSE,FALSE,,FALSE,0,0,FALSE,FALSE,FALSE,FALSE,FALSE,,,
509,4,111,06.01 DLQ_EQTY_REINSURANCE_TERM_TABLE,,0,,TRUE,,4,3,EQTY_REINSURANCE_TERM_TABLE,1,1,0,0,0,0,0,6,00:00:06,0,1,11,Tables,FALSE,Completed,Standard Database Link [\\tagridfiler\ELINK_Development\VUL\AlexMandel\Datasets\Equity_Cons_Valuation_Cons_RAM\impexp.mdf],0,,0,,FALSE,FALSE,0,0,11,,FALSE,FALSE,,FALSE,0,0,FALSE,FALSE,FALSE,FALSE,FALSE,,,
509,5,112,06.01 DLQ_EQTY_REINSURANCE_BASE_TABLES,,0,,TRUE,,4,3,EQTY_REINSURANCE_BASE_TABLES,1,1,0,0,0,0,0,143,00:02:23,0,1,11,Tables,FALSE,Completed,Standard Database Link [\\tagridfiler\ELINK_Development\VUL\AlexMandel\Datasets\Equity_Cons_Valuation_Cons_RAM\impexp.mdf],0,,0,,FALSE,FALSE,0,0,11,,FALSE,FALSE,,FALSE,0,0,FALSE,FALSE,FALSE,FALSE,FALSE,,,
509,6,113,06.01 DLQ_EQTY_REINSURANCE_COMPOUND_TABLES,,0,,TRUE,,4,3,EQTY_REINSURANCE_COMPOUND_TABLES,1,1,0,0,0,0,0,4,00:00:04,0,1,11,Tables,FALSE,Completed,Standard Database Link [\\tagridfiler\ELINK_Development\VUL\AlexMandel\Datasets\Equity_Cons_Valuation_Cons_RAM\impexp.mdf],0,,0,,FALSE,FALSE,0,0,11,,FALSE,FALSE,,FALSE,0,0,FALSE,FALSE,FALSE,FALSE,FALSE,,,
509,7,114,06.01 DLQ_EQTY_REINSURANCE_BANDED_TABLES,,0,,TRUE,,4,3,EQTY_REINSURANCE_BANDED_TABLES,1,1,0,0,0,0,0,2,00:00:02,0,1,11,Tables,FALSE,Completed,Standard Database Link [\\tagridfiler\ELINK_Development\VUL\AlexMandel\Datasets\Equity_Cons_Valuation_Cons_RAM\impexp.mdf],0,,0,,FALSE,FALSE,0,0,11,,FALSE,FALSE,,FALSE,0,0,FALSE,FALSE,FALSE,FALSE,FALSE,,,
511,13,130,Reinsurance Banded Tables,,0,,TRUE,,0,0,,1,1,0,0,0,0,0,0,00:00:00,0,1,0,,FALSE,Completed,,0,,0,,FALSE,FALSE,0,0,0,,FALSE,FALSE,,TRUE,0,0,FALSE,FALSE,FALSE,FALSE,FALSE,30-Sep-21,,
511,14,130,Reinsurance Banded Tables,,0,,TRUE,,1,0,,1,1,0,25,25,0,0,2,00:00:02,0,1,0,,FALSE,Completed,,0,,0,,FALSE,FALSE,0,0,0,,FALSE,FALSE,,FALSE,0,0,FALSE,FALSE,FALSE,FALSE,FALSE,,79,RAM: Reinsurance Banded Table
511,7,102009,Optional Vectors,,0,,TRUE,,0,0,,1,1,0,0,0,0,0,6,00:00:06,0,1,0,,FALSE,Completed,,0,,0,,FALSE,FALSE,0,0,0,,FALSE,FALSE,,TRUE,0,0,FALSE,FALSE,FALSE,FALSE,FALSE,30-Sep-21,,
511,8,102009,Optional Vectors,,0,,TRUE,,1,0,,1,1,0,1711,1711,0,0,3,00:00:03,0,1,0,,FALSE,Completed,,0,,0,,FALSE,FALSE,0,0,0,,FALSE,FALSE,,FALSE,0,0,FALSE,FALSE,FALSE,FALSE,FALSE,,77,RAM: Reinsurance Joint Fraiserized Rates
511,9,126,Reinsurance Base Tables,,0,,TRUE,,0,0,,1,1,0,0,0,0,0,1,00:00:01,0,1,0,,FALSE,Completed,,0,,0,,FALSE,FALSE,0,0,0,,FALSE,FALSE,,FALSE,0,0,FALSE,FALSE,FALSE,FALSE,FALSE,,,
511,15,130,Reinsurance Banded Tables,,0,,TRUE,,2,0,,1,1,0,25,25,0,0,0,00:00:00,0,1,0,,FALSE,Completed,,0,,0,,FALSE,FALSE,0,0,0,,FALSE,FALSE,,FALSE,0,0,FALSE,FALSE,FALSE,FALSE,FALSE,,,
511,16,130,Reinsurance Banded Tables,,0,,TRUE,,8,0,,1,1,0,25,25,0,0,0,00:00:00,0,1,0,,FALSE,Completed,,0,,0,,FALSE,FALSE,0,0,0,,FALSE,FALSE,,FALSE,0,0,FALSE,FALSE,FALSE,FALSE,FALSE,,,
511,17,128,Reinsurance Compound Tables,,0,,TRUE,,0,0,,1,1,0,0,0,0,0,1,00:00:01,0,1,0,,FALSE,Completed,,0,,0,,FALSE,FALSE,0,0,0,,FALSE,FALSE,,TRUE,0,0,FALSE,FALSE,FALSE,FALSE,FALSE,30-Sep-21,,
511,18,128,Reinsurance Compound Tables,,0,,TRUE,,1,0,,1,1,0,1334,1334,0,0,1,00:00:01,0,1,0,,FALSE,Completed,,0,,0,,FALSE,FALSE,0,0,0,,FALSE,FALSE,,FALSE,0,0,FALSE,FALSE,FALSE,FALSE,FALSE,,80,RAM: Reinsurance Compound Table
511,19,128,Reinsurance Compound Tables,,0,,TRUE,,2,0,,1,1,0,1334,1334,0,0,0,00:00:00,0,1,0,,FALSE,Completed,,0,,0,,FALSE,FALSE,0,0,0,,FALSE,FALSE,,FALSE,0,0,FALSE,FALSE,FALSE,FALSE,FALSE,,,
511,20,128,Reinsurance Compound Tables,,0,,TRUE,,8,0,,1,1,0,1334,1334,0,0,25,00:00:25,0,1,0,,FALSE,Completed,,0,,0,,FALSE,FALSE,0,0,0,,FALSE,FALSE,,FALSE,0,0,FALSE,FALSE,FALSE,FALSE,FALSE,,,
511,1,102059,Reinsurance Terms,,0,,TRUE,,0,0,,1,1,0,0,0,0,0,0,00:00:00,0,1,0,,FALSE,Completed,,0,,0,,FALSE,FALSE,0,0,0,,FALSE,FALSE,,TRUE,0,0,FALSE,FALSE,FALSE,FALSE,FALSE,30-Sep-21,,
511,2,102059,Reinsurance Terms,,0,,TRUE,,1,0,,1,1,0,5011,5011,0,0,2,00:00:02,0,1,0,,FALSE,Completed,,0,,0,,FALSE,FALSE,0,0,0,,FALSE,FALSE,,FALSE,0,0,FALSE,FALSE,FALSE,FALSE,FALSE,,76,RAM: Reinsurance Terms
511,3,102059,Reinsurance Terms,,0,,TRUE,,2,0,,1,1,0,5011,5011,0,0,1,00:00:01,0,1,0,,FALSE,Completed,,0,,0,,FALSE,FALSE,0,0,0,,FALSE,FALSE,,FALSE,0,0,FALSE,FALSE,FALSE,FALSE,FALSE,,,
511,4,102058,Cession Information,,0,,TRUE,,0,0,,1,1,0,0,0,0,0,0,00:00:00,0,1,0,,FALSE,Completed,,0,,0,,FALSE,FALSE,0,0,0,,FALSE,FALSE,,FALSE,0,0,FALSE,FALSE,FALSE,FALSE,FALSE,,,
511,5,102058,Cession Information,,0,,TRUE,,1,0,,1,1,0,191402,191402,0,0,18,00:00:18,0,1,0,,FALSE,Completed,,0,,0,,FALSE,FALSE,0,0,0,,FALSE,FALSE,,FALSE,0,0,FALSE,FALSE,FALSE,FALSE,FALSE,,22,CIT
511,6,102058,Cession Information,,0,,TRUE,,2,0,,1,1,0,191402,191402,0,0,4,00:00:04,0,1,0,,FALSE,Completed,,0,,0,,FALSE,FALSE,0,0,0,,FALSE,FALSE,,FALSE,0,0,FALSE,FALSE,FALSE,FALSE,FALSE,,,
511,12,126,Reinsurance Base Tables,,0,,TRUE,,8,0,,1,1,0,58848,58712,136,136,13,00:00:13,0,1,0,,FALSE,Completed,,0,,0,,FALSE,FALSE,0,0,0,,FALSE,FALSE,,FALSE,0,0,FALSE,FALSE,FALSE,FALSE,FALSE,,,
511,10,126,Reinsurance Base Tables,,0,,TRUE,,1,0,,1,1,0,58848,58848,0,0,13,00:00:13,0,1,0,,FALSE,Completed,,0,,0,,FALSE,FALSE,0,0,0,,FALSE,FALSE,,FALSE,0,0,FALSE,FALSE,FALSE,FALSE,FALSE,,78,RAM: Reinsurance Base Table
511,11,126,Reinsurance Base Tables,,0,,TRUE,,2,0,,1,1,0,58848,58848,0,0,3,00:00:03,0,1,0,,FALSE,Completed,,0,,0,,FALSE,FALSE,0,0,0,,FALSE,FALSE,,FALSE,0,0,FALSE,FALSE,FALSE,FALSE,FALSE,,,
512,20,181,02.01.00_DLT_Cell_TAGs_FMT,,0,,TRUE,,1,0,,1,1,0,13139,13139,0,0,2,00:00:02,0,1,0,,FALSE,Completed,,0,,0,,FALSE,FALSE,0,0,0,,FALSE,FALSE,,FALSE,0,0,FALSE,FALSE,FALSE,FALSE,FALSE,,73,02.02.00_DLF_FMT_Cell_Names
512,22,181,02.01.00_DLT_Cell_TAGs_FMT,,0,,TRUE,,2,0,,1,1,0,13139,13139,0,0,0,00:00:00,0,1,0,,FALSE,Completed,,0,,0,,FALSE,FALSE,0,0,0,,FALSE,FALSE,,FALSE,0,0,FALSE,FALSE,FALSE,FALSE,FALSE,,,
512,11,271,02.00 DLT_FMT_Reporting_Group_Mapped,,0,,TRUE,,0,0,,1,1,0,0,0,0,0,1,00:00:01,0,1,0,,FALSE,Completed,,0,,0,,FALSE,FALSE,0,0,0,,FALSE,FALSE,,TRUE,0,0,FALSE,FALSE,FALSE,FALSE,FALSE,30-Jun-22,,
512,15,267,02.00 DLT_FMT_Plan_and_Product_Mapped,,0,,TRUE,,1,0,,1,1,0,266,266,0,0,1,00:00:01,0,1,0,,FALSE,Completed,,0,,0,,FALSE,FALSE,0,0,0,,FALSE,FALSE,,FALSE,0,0,FALSE,FALSE,FALSE,FALSE,FALSE,,82,02.00_DLF_FMT_Admin_Plan_Code_Mapped
512,16,271,02.00 DLT_FMT_Reporting_Group_Mapped,,0,,TRUE,,1,0,,1,1,0,46,46,0,0,1,00:00:01,0,1,0,,FALSE,Completed,,0,,0,,FALSE,FALSE,0,0,0,,FALSE,FALSE,,FALSE,0,0,FALSE,FALSE,FALSE,FALSE,FALSE,,83,02.00_DLF_FMT_Reporting_Group_Mapped
512,17,267,02.00 DLT_FMT_Plan_and_Product_Mapped,,0,,TRUE,,2,0,,1,1,0,266,266,0,0,1,00:00:01,0,1,0,,FALSE,Completed,,0,,0,,FALSE,FALSE,0,0,0,,FALSE,FALSE,,FALSE,0,0,FALSE,FALSE,FALSE,FALSE,FALSE,,,
512,18,271,02.00 DLT_FMT_Reporting_Group_Mapped,,0,,TRUE,,2,0,,1,1,0,46,46,0,0,0,00:00:00,0,1,0,,FALSE,Completed,,0,,0,,FALSE,FALSE,0,0,0,,FALSE,FALSE,,FALSE,0,0,FALSE,FALSE,FALSE,FALSE,FALSE,,,
512,12,272,02.00 DLT_FMT_Reporting_Group_Mapped_auto,,0,,TRUE,,0,0,,1,1,0,0,0,0,0,0,00:00:00,0,1,0,,FALSE,Completed,,0,,0,,FALSE,FALSE,0,0,0,,FALSE,FALSE,,TRUE,0,0,FALSE,FALSE,FALSE,FALSE,FALSE,30-Jun-22,,
512,7,183,02.02.00_DLT_Cell_Names_FMT,,0,,TRUE,,0,0,,1,1,0,0,0,0,0,0,00:00:00,0,1,0,,FALSE,Completed,,0,,0,,FALSE,FALSE,0,0,0,,FALSE,FALSE,,TRUE,0,0,FALSE,FALSE,FALSE,FALSE,FALSE,30-Sep-21,,
512,8,152,Equity Consolidated PIT,,0,,TRUE,,0,0,,1,1,0,0,0,0,0,1,00:00:01,0,1,0,,FALSE,Completed,,0,,0,,FALSE,FALSE,0,-1,0,,FALSE,FALSE,,FALSE,0,0,FALSE,FALSE,FALSE,FALSE,FALSE,,,
512,1,102002,Tables,,0,,TRUE,,0,0,,1,1,0,0,0,0,0,0,00:00:00,0,1,0,,FALSE,Completed,,0,,0,,FALSE,FALSE,0,0,0,,FALSE,FALSE,,FALSE,,,FALSE,FALSE,FALSE,FALSE,FALSE,,,
512,3,13,IFRS17 Reporting Group Mapping,,0,,TRUE,,0,0,,1,1,0,0,0,0,0,0,00:00:00,0,1,0,,FALSE,Completed,,0,,0,,FALSE,FALSE,0,0,0,,FALSE,FALSE,,FALSE,,,FALSE,FALSE,FALSE,FALSE,FALSE,,,
512,13,146,02.00 DLQ_Plan_and_Product_Mapped,,0,,TRUE,,4,3,Plan_and_Product_Mapped,1,1,0,0,0,0,0,2,00:00:02,0,1,11,Tables,FALSE,Completed,Standard Database Link [\\tagridfiler\ELINK_Development\VUL\Luke\Datasets\Equity_Cons_Valuation_v22\impexp.mdf],0,,0,,FALSE,FALSE,0,-1,11,,FALSE,FALSE,,FALSE,0,0,FALSE,FALSE,FALSE,FALSE,FALSE,,,
512,14,147,02.00 DLQ_Reporting_Group_Mapped,,0,,TRUE,,4,3,Reporting_Group_Mapped,1,1,0,0,0,0,0,2,00:00:02,0,1,11,Tables,FALSE,Completed,Standard Database Link [\\tagridfiler\ELINK_Development\VUL\Luke\Datasets\Equity_Cons_Valuation_v22\impexp.mdf],0,,0,,FALSE,FALSE,0,0,11,,FALSE,FALSE,,FALSE,0,0,FALSE,FALSE,FALSE,FALSE,FALSE,,,
512,10,267,02.00 DLT_FMT_Plan_and_Product_Mapped,,0,,TRUE,,0,0,,1,1,0,0,0,0,0,0,00:00:00,0,1,0,,FALSE,Completed,,0,,0,,FALSE,FALSE,0,0,0,,FALSE,FALSE,,TRUE,0,0,FALSE,FALSE,FALSE,FALSE,FALSE,30-Jun-22,,
512,26,514,02.02 SETUP CTF: Do Not Export Cells,,0,,TRUE,,3,0,,1,1,0,13139,13139,0,0,94,00:01:34,0,1,0,,FALSE,Completed,,0,,0,,FALSE,FALSE,0,0,0,,FALSE,FALSE,,FALSE,0,0,FALSE,FALSE,FALSE,FALSE,FALSE,,,
512,23,152,Equity Consolidated PIT,,0,,TRUE,,2,0,,1,1,0,664296,664296,0,0,547,00:09:07,0,1,0,,FALSE,Completed,,0,,0,,FALSE,FALSE,0,-1,0,,FALSE,FALSE,,FALSE,0,0,FALSE,FALSE,FALSE,FALSE,FALSE,,,
512,25,513,02.01 SETUP CTF: Update LE Subfund in Cell,,0,,TRUE,,3,0,,1,1,0,13139,13104,0,0,4,00:00:04,0,1,0,,FALSE,Completed,,0,,0,,FALSE,FALSE,0,0,0,,FALSE,FALSE,,FALSE,0,0,FALSE,FALSE,FALSE,FALSE,FALSE,,,
512,9,152,Equity Consolidated PIT,,0,,TRUE,,1,0,,1,1,0,793264,664296,128968,0,1524,00:25:24,0,1,0,,FALSE,Completed,,0,,0,,FALSE,FALSE,0,-1,0,,FALSE,FALSE,,FALSE,0,0,FALSE,FALSE,FALSE,FALSE,FALSE,,24,Equity_Consolidated_PIT
512,2,102105,Report Category,,0,,TRUE,,0,0,,1,1,0,0,0,0,0,0,00:00:00,0,1,0,,FALSE,Completed,,0,,0,,FALSE,FALSE,0,0,0,,FALSE,FALSE,,TRUE,0,0,FALSE,FALSE,FALSE,FALSE,FALSE,30-Jun-20,,
512,19,145,02.00 DLQ_Create_Cell_Names,,0,,TRUE,,4,3,Cell_Names_FMT,1,1,0,0,0,0,0,8,00:00:08,0,1,11,Miscellaneous,FALSE,Completed,Standard Database Link [\\tagridfiler\ELINK_Development\VUL\Luke\Datasets\Equity_Cons_Valuation_v22\impexp.mdf],0,,0,,FALSE,FALSE,0,-1,11,,FALSE,FALSE,,FALSE,0,0,FALSE,FALSE,FALSE,FALSE,FALSE,,,
512,4,102055,Subfunds,,0,,TRUE,,0,0,,1,1,0,0,0,0,0,1,00:00:01,0,1,0,,FALSE,Completed,,0,,0,,FALSE,FALSE,0,0,0,,FALSE,FALSE,,TRUE,0,0,FALSE,FALSE,FALSE,FALSE,FALSE,30-Sep-21,,
512,21,183,02.02.00_DLT_Cell_Names_FMT,,0,,TRUE,,1,0,,1,1,0,13139,13139,0,0,3,00:00:03,0,1,0,,FALSE,Completed,,0,,0,,FALSE,FALSE,0,0,0,,FALSE,FALSE,,FALSE,0,0,FALSE,FALSE,FALSE,FALSE,FALSE,,73,02.02.00_DLF_FMT_Cell_Names
512,24,102001,Cells,,0,,TRUE,,2,0,,1,1,0,13139,13139,0,0,21,00:00:21,0,1,0,,FALSE,Completed,,0,,0,,FALSE,FALSE,0,0,0,,FALSE,FALSE,,FALSE,0,0,FALSE,FALSE,FALSE,FALSE,FALSE,,,
512,5,102001,Cells,,0,,TRUE,,0,0,,1,1,0,0,0,0,0,0,00:00:00,0,1,0,,FALSE,Completed,,0,,0,,FALSE,FALSE,0,0,0,,FALSE,FALSE,,TRUE,0,0,FALSE,FALSE,FALSE,FALSE,FALSE,30-Sep-21,,
512,6,181,02.01.00_DLT_Cell_TAGs_FMT,,0,,TRUE,,0,0,,1,1,0,0,0,0,0,0,00:00:00,0,1,0,,FALSE,Completed,,0,,0,,FALSE,FALSE,0,0,0,,FALSE,FALSE,,TRUE,0,0,FALSE,FALSE,FALSE,FALSE,FALSE,30-Sep-21,,
517,17,161,01.01.17_DLT_Target_Premium_Adj,,0,,TRUE,,0,0,,1,1,0,0,0,0,0,0,00:00:00,0,1,0,,FALSE,Completed,,0,,0,,FALSE,FALSE,0,0,0,,FALSE,FALSE,,TRUE,0,0,FALSE,FALSE,FALSE,FALSE,FALSE,30-Sep-21,,
517,15,187,01.01.15_DLT_Other_Benefit_FMT,,0,,TRUE,,0,0,,1,1,0,0,0,0,0,0,00:00:00,0,1,0,,FALSE,Completed,,0,,0,,FALSE,FALSE,0,0,0,,FALSE,FALSE,,TRUE,0,0,FALSE,FALSE,FALSE,FALSE,FALSE,30-Sep-21,,
517,26,243,01.01.27_DLT_Fifth_Mortality_Table_FMT,,0,,TRUE,,0,0,,1,1,0,0,0,0,0,0,00:00:00,0,1,0,,FALSE,Completed,,0,,0,,FALSE,FALSE,0,0,0,,FALSE,FALSE,,TRUE,0,0,FALSE,FALSE,FALSE,FALSE,FALSE,30-Sep-21,,
517,28,245,01.01.30_DLT_Extra_Lapse_Table_FMT,,0,,TRUE,,0,0,,1,1,0,0,0,0,0,0,00:00:00,0,1,0,,FALSE,Completed,,0,,0,,FALSE,FALSE,0,0,0,,FALSE,FALSE,,TRUE,0,0,FALSE,FALSE,FALSE,FALSE,FALSE,30-Sep-21,,
517,9,217,01.01.09_DLT_BE_Mortality_Table_FMT,,0,,TRUE,,0,0,,1,1,0,0,0,0,0,0,00:00:00,0,1,0,,FALSE,Completed,,0,,0,,FALSE,FALSE,0,0,0,,FALSE,FALSE,,TRUE,0,0,FALSE,FALSE,FALSE,FALSE,FALSE,30-Sep-21,,
517,20,227,01.01.20_DLT_Dynamic_Premium_TFLIC_CFT,,0,,TRUE,,0,0,,1,1,0,0,0,0,0,0,00:00:00,0,1,0,,FALSE,Completed,,0,,0,,FALSE,FALSE,0,0,0,,FALSE,FALSE,,TRUE,0,0,FALSE,FALSE,FALSE,FALSE,FALSE,30-Sep-21,,
517,22,235,01.01.23_DLT_Other_Benefit_Rates_Table_FMT,,0,,TRUE,,0,0,,1,1,0,0,0,0,0,0,00:00:00,0,1,0,,FALSE,Completed,,0,,0,,FALSE,FALSE,0,0,0,,FALSE,FALSE,,TRUE,0,0,FALSE,FALSE,FALSE,FALSE,FALSE,30-Sep-21,,
517,24,237,01.01.25_DLT_CRVM_Fund_Bonus_Table_FMT,,0,,TRUE,,0,0,,1,1,0,0,0,0,0,1,00:00:01,0,1,0,,FALSE,Completed,,0,,0,,FALSE,FALSE,0,0,0,,FALSE,FALSE,,TRUE,0,0,FALSE,FALSE,FALSE,FALSE,FALSE,30-Sep-21,,
517,25,239,01.01.26_DLT_Base_Cell_Name_FMT,,0,,TRUE,,0,0,,1,1,0,0,0,0,0,0,00:00:00,0,1,0,,FALSE,Completed,,0,,0,,FALSE,FALSE,0,0,0,,FALSE,FALSE,,TRUE,0,0,FALSE,FALSE,FALSE,FALSE,FALSE,30-Sep-21,,
517,23,241,01.01.24_DLT_Tax_Mortality_Table_FMT,,0,,TRUE,,0,0,,1,1,0,0,0,0,0,0,00:00:00,0,1,0,,FALSE,Completed,,0,,0,,FALSE,FALSE,0,0,0,,FALSE,FALSE,,TRUE,0,0,FALSE,FALSE,FALSE,FALSE,FALSE,30-Sep-21,,
517,10,219,01.01.10_DLT_BE_Lapse_Table_FMT,,0,,TRUE,,0,0,,1,1,0,0,0,0,0,0,00:00:00,0,1,0,,FALSE,Completed,,0,,0,,FALSE,FALSE,0,0,0,,FALSE,FALSE,,TRUE,0,0,FALSE,FALSE,FALSE,FALSE,FALSE,30-Sep-21,,
517,11,169,01.01.11_DLT_BE_Expense_Table_FMT,,0,,TRUE,,0,0,,1,1,0,0,0,0,0,0,00:00:00,0,1,0,,FALSE,Completed,,0,,0,,FALSE,FALSE,0,0,0,,FALSE,FALSE,,TRUE,0,0,FALSE,FALSE,FALSE,FALSE,FALSE,30-Sep-21,,
517,2,221,01.01.02_DLT_NLG_FMT,,0,,TRUE,,0,0,,1,1,0,0,0,0,0,0,00:00:00,0,1,0,,FALSE,Completed,,0,,0,,FALSE,FALSE,0,0,0,,FALSE,FALSE,,TRUE,0,0,FALSE,FALSE,FALSE,FALSE,FALSE,30-Sep-21,,
517,18,223,01.01.18_DLT_VM20_Mortality_FMT,,0,,TRUE,,0,0,,1,1,0,0,0,0,0,1,00:00:01,0,1,0,,FALSE,Completed,,0,,0,,FALSE,FALSE,0,0,0,,FALSE,FALSE,,TRUE,0,0,FALSE,FALSE,FALSE,FALSE,FALSE,30-Sep-21,,
517,29,173,01.01.31_DLT_Target_Regular_Premium_FMT,,0,,TRUE,,0,0,,1,1,0,0,0,0,0,0,00:00:00,0,1,0,,FALSE,Completed,,0,,0,,FALSE,FALSE,0,0,0,,FALSE,FALSE,,TRUE,0,0,FALSE,FALSE,FALSE,FALSE,FALSE,30-Sep-21,,
517,27,167,01.01.28_DLT_Lapse_Table_FMT,,0,,TRUE,,0,0,,1,1,0,0,0,0,0,0,00:00:00,0,1,0,,FALSE,Completed,,0,,0,,FALSE,FALSE,0,0,0,,FALSE,FALSE,,TRUE,0,0,FALSE,FALSE,FALSE,FALSE,FALSE,30-Sep-21,,
517,1,185,01.01.01_DLT_AGD_FMT,,0,,TRUE,,0,0,,1,1,0,0,0,0,0,1,00:00:01,0,1,0,,FALSE,Completed,,0,,0,,FALSE,FALSE,0,0,0,,FALSE,FALSE,,TRUE,0,0,FALSE,FALSE,FALSE,FALSE,FALSE,30-Sep-21,,
517,32,163,01.01.34_DLT_Premium_Load_FMT,,0,,TRUE,,0,0,,1,1,0,0,0,0,0,0,00:00:00,0,1,0,,FALSE,Completed,,0,,0,,FALSE,FALSE,0,0,0,,FALSE,FALSE,,TRUE,0,0,FALSE,FALSE,FALSE,FALSE,FALSE,30-Sep-21,,
517,6,205,01.01.06_DLT_Face_Amount_Table_FMT,,0,,TRUE,,0,0,,1,1,0,0,0,0,0,0,00:00:00,0,1,0,,FALSE,Completed,,0,,0,,FALSE,FALSE,0,0,0,,FALSE,FALSE,,TRUE,0,0,FALSE,FALSE,FALSE,FALSE,FALSE,30-Sep-21,,
517,4,207,01.01.04_DLT_Allocation_Rules_Table_FMT,,0,,TRUE,,0,0,,1,1,0,0,0,0,0,0,00:00:00,0,1,0,,FALSE,Completed,,0,,0,,FALSE,FALSE,0,0,0,,FALSE,FALSE,,TRUE,0,0,FALSE,FALSE,FALSE,FALSE,FALSE,30-Sep-21,,
517,5,209,01.01.05_DLT_Commission_Table_FMT,,0,,TRUE,,0,0,,1,1,0,0,0,0,0,0,00:00:00,0,1,0,,FALSE,Completed,,0,,0,,FALSE,FALSE,0,0,0,,FALSE,FALSE,,TRUE,0,0,FALSE,FALSE,FALSE,FALSE,FALSE,30-Sep-21,,
517,8,211,01.01.08_DLT_OtherProductFeatures_FMT,,0,,TRUE,,0,0,,1,1,0,0,0,0,0,0,00:00:00,0,1,0,,FALSE,Completed,,0,,0,,FALSE,FALSE,0,0,0,,FALSE,FALSE,,TRUE,0,0,FALSE,FALSE,FALSE,FALSE,FALSE,30-Sep-21,,
517,12,213,01.01.12_DLT_ReserveAssumptions_FMT,,0,,TRUE,,0,0,,1,1,0,0,0,0,0,1,00:00:01,0,1,0,,FALSE,Completed,,0,,0,,FALSE,FALSE,0,0,0,,FALSE,FALSE,,TRUE,0,0,FALSE,FALSE,FALSE,FALSE,FALSE,30-Sep-21,,
517,13,215,01.01.13_DLT_Partial_Withdrawal_Table_FMT,,0,,TRUE,,0,0,,1,1,0,0,0,0,0,0,00:00:00,0,1,0,,FALSE,Completed,,0,,0,,FALSE,FALSE,0,0,0,,FALSE,FALSE,,TRUE,0,0,FALSE,FALSE,FALSE,FALSE,FALSE,30-Sep-21,,
517,21,229,01.01.21_DLT_Gtd_Exp_Chg_Table_FMT,,0,,TRUE,,0,0,,1,1,0,0,0,0,0,0,00:00:00,0,1,0,,FALSE,Completed,,0,,0,,FALSE,FALSE,0,0,0,,FALSE,FALSE,,TRUE,0,0,FALSE,FALSE,FALSE,FALSE,FALSE,30-Sep-21,,
517,14,231,01.01.14_DLT_Surr_Chg_Table_FMT,,0,,TRUE,,0,0,,1,1,0,0,0,0,0,0,00:00:00,0,1,0,,FALSE,Completed,,0,,0,,FALSE,FALSE,0,0,0,,FALSE,FALSE,,TRUE,0,0,FALSE,FALSE,FALSE,FALSE,FALSE,30-Sep-21,,
517,3,201,01.01.03_DLT_TRP_FMT,,0,,TRUE,,0,0,,1,1,0,0,0,0,0,0,00:00:00,0,1,0,,FALSE,Completed,,0,,0,,FALSE,FALSE,0,0,0,,FALSE,FALSE,,TRUE,0,0,FALSE,FALSE,FALSE,FALSE,FALSE,30-Sep-21,,
517,7,203,01.01.07_DLT_Risk_Charge_FMT,,0,,TRUE,,0,0,,1,1,0,0,0,0,0,1,00:00:01,0,1,0,,FALSE,Completed,,0,,0,,FALSE,FALSE,0,0,0,,FALSE,FALSE,,TRUE,0,0,FALSE,FALSE,FALSE,FALSE,FALSE,30-Sep-21,,
517,16,175,01.01.16_DLT_Expense_Charge_FMT,,0,,TRUE,,0,0,,1,1,0,0,0,0,0,0,00:00:00,0,1,0,,FALSE,Completed,,0,,0,,FALSE,FALSE,0,0,0,,FALSE,FALSE,,TRUE,0,0,FALSE,FALSE,FALSE,FALSE,FALSE,30-Sep-21,,
517,30,155,01.01.32_DLT_Expense_Charge_Guar_FMT,,0,,TRUE,,0,0,,1,1,0,0,0,0,0,0,00:00:00,0,1,0,,FALSE,Completed,,0,,0,,FALSE,FALSE,0,0,0,,FALSE,FALSE,,TRUE,0,0,FALSE,FALSE,FALSE,FALSE,FALSE,30-Sep-21,,
517,31,157,01.01.33_DLT_Surrender_Charge_FMT,,0,,TRUE,,0,0,,1,1,0,0,0,0,0,1,00:00:01,0,1,0,,FALSE,Completed,,0,,0,,FALSE,FALSE,0,0,0,,FALSE,FALSE,,TRUE,0,0,FALSE,FALSE,FALSE,FALSE,FALSE,30-Sep-21,,
517,19,225,01.01.19_DLT_ULSG_VM20_Lapse_FMT,,0,,TRUE,,0,0,,1,1,0,0,0,0,0,0,00:00:00,0,1,0,,FALSE,Completed,,0,,0,,FALSE,FALSE,0,0,0,,FALSE,FALSE,,TRUE,0,0,FALSE,FALSE,FALSE,FALSE,FALSE,30-Sep-21,,
518,25,239,01.01.26_DLT_Base_Cell_Name_FMT,,0,,TRUE,,1,0,,1,1,0,68,68,0,0,7,00:00:07,0,1,0,,FALSE,Completed,,0,,0,,FALSE,TRUE,0,-1,0,,FALSE,FALSE,,FALSE,0,0,FALSE,FALSE,FALSE,FALSE,FALSE,30-Sep-21,68,01.01.21_DLF_FMT_Gtd_Exp_Chg_Table
518,23,241,01.01.24_DLT_Tax_Mortality_Table_FMT,,0,,TRUE,,1,0,,1,1,0,4507,4507,0,0,6,00:00:06,0,1,0,,FALSE,Completed,,0,,0,,FALSE,TRUE,0,-1,0,,FALSE,FALSE,,FALSE,0,0,FALSE,FALSE,FALSE,FALSE,FALSE,30-Sep-21,70,01.01.22_DLF_FMT_Premium_Suspension_Rt
518,26,243,01.01.27_DLT_Fifth_Mortality_Table_FMT,,0,,TRUE,,1,0,,1,1,0,8878,8878,0,0,7,00:00:07,0,1,0,,FALSE,Completed,,0,,0,,FALSE,TRUE,0,-1,0,,FALSE,FALSE,,FALSE,0,0,FALSE,FALSE,FALSE,FALSE,FALSE,30-Sep-21,74,01.01.24_DLF_FMT_Tax_Mortality_Table
518,28,245,01.01.30_DLT_Extra_Lapse_Table_FMT,,0,,TRUE,,1,0,,1,1,0,17,17,0,0,6,00:00:06,0,1,0,,FALSE,Completed,,0,,0,,FALSE,TRUE,0,-1,0,,FALSE,FALSE,,FALSE,0,0,FALSE,FALSE,FALSE,FALSE,FALSE,30-Sep-21,75,01.01.27_DLF_FMT_Fifth_Mortality_Table
518,6,205,01.01.06_DLT_Face_Amount_Table_FMT,,0,,TRUE,,1,0,,1,1,0,13073,13073,0,0,7,00:00:07,0,1,0,,FALSE,Completed,,0,,0,,FALSE,TRUE,0,-1,0,,FALSE,FALSE,,FALSE,0,0,FALSE,FALSE,FALSE,FALSE,FALSE,30-Sep-21,50,
518,4,207,01.01.04_DLT_Allocation_Rules_Table_FMT,,0,,TRUE,,1,0,,1,1,0,791,791,0,0,7,00:00:07,0,1,0,,FALSE,Completed,,0,,0,,FALSE,TRUE,0,-1,0,,FALSE,FALSE,,FALSE,0,0,FALSE,FALSE,FALSE,FALSE,FALSE,30-Sep-21,51,
518,5,209,01.01.05_DLT_Commission_Table_FMT,,0,,TRUE,,1,0,,1,1,0,1296,1296,0,0,6,00:00:06,0,1,0,,FALSE,Completed,,0,,0,,FALSE,TRUE,0,-1,0,,FALSE,FALSE,,FALSE,0,0,FALSE,FALSE,FALSE,FALSE,FALSE,30-Sep-21,52,
518,8,211,01.01.08_DLT_OtherProductFeatures_FMT,,0,,TRUE,,1,0,,1,1,0,638,638,0,0,6,00:00:06,0,1,0,,FALSE,Completed,,0,,0,,FALSE,TRUE,0,-1,0,,FALSE,FALSE,,FALSE,0,0,FALSE,FALSE,FALSE,FALSE,FALSE,30-Sep-21,53,
518,3,201,01.01.03_DLT_TRP_FMT,,0,,TRUE,,1,0,,1,1,0,3726,3726,0,0,7,00:00:07,0,1,0,,FALSE,Completed,,0,,0,,FALSE,TRUE,0,-1,0,,FALSE,FALSE,,FALSE,0,0,FALSE,FALSE,FALSE,FALSE,FALSE,30-Sep-21,48,
518,7,203,01.01.07_DLT_Risk_Charge_FMT,,0,,TRUE,,1,0,,1,1,0,28670,28670,0,0,8,00:00:08,0,1,0,,FALSE,Completed,,0,,0,,FALSE,TRUE,0,-1,0,,FALSE,FALSE,,FALSE,0,0,FALSE,FALSE,FALSE,FALSE,FALSE,30-Sep-21,49,
518,9,217,01.01.09_DLT_BE_Mortality_Table_FMT,,0,,TRUE,,1,0,,1,1,0,13561,13561,0,0,6,00:00:06,0,1,0,,FALSE,Completed,,0,,0,,FALSE,TRUE,0,-1,0,,FALSE,FALSE,,FALSE,0,0,FALSE,FALSE,FALSE,FALSE,FALSE,30-Sep-21,56,01.01.06_DLF_FMT_Face_Amount_Table
518,20,227,01.01.20_DLT_Dynamic_Premium_TFLIC_CFT,,0,,TRUE,,1,0,,1,1,0,17,17,0,0,7,00:00:07,0,1,0,,FALSE,Completed,,0,,0,,FALSE,TRUE,0,-1,0,,FALSE,FALSE,,FALSE,0,0,FALSE,FALSE,FALSE,FALSE,FALSE,30-Sep-21,62,01.01.09_DLF_FMT_BE_Mortality_Table
518,10,219,01.01.10_DLT_BE_Lapse_Table_FMT,,0,,TRUE,,1,0,,1,1,0,336,336,0,0,7,00:00:07,0,1,0,,FALSE,Completed,,0,,0,,FALSE,TRUE,0,-1,0,,FALSE,FALSE,,FALSE,0,0,FALSE,FALSE,FALSE,FALSE,FALSE,30-Sep-21,57,01.01.04_DLF_FMT_Allocation_Rules_Table
518,11,169,01.01.11_DLT_BE_Expense_Table_FMT,,0,,TRUE,,1,0,,1,1,0,4217,4217,0,0,7,00:00:07,0,1,0,,FALSE,Completed,,0,,0,,FALSE,TRUE,0,-1,0,,FALSE,FALSE,,FALSE,0,0,FALSE,FALSE,FALSE,FALSE,FALSE,30-Sep-21,58,01.01.05_DLF_FMT_Commission_Table
518,2,221,01.01.02_DLT_NLG_FMT,,0,,TRUE,,1,0,,1,1,0,315,315,0,0,6,00:00:06,0,1,0,,FALSE,Completed,,0,,0,,FALSE,TRUE,0,-1,0,,FALSE,FALSE,,FALSE,0,0,FALSE,FALSE,FALSE,FALSE,FALSE,30-Sep-21,59,01.01.08_DLF_FMT_OtherProductFeatures
518,18,223,01.01.18_DLT_VM20_Mortality_FMT,,0,,TRUE,,1,0,,1,1,0,5161,5161,0,0,7,00:00:07,0,1,0,,FALSE,Completed,,0,,0,,FALSE,TRUE,0,-1,0,,FALSE,FALSE,,FALSE,0,0,FALSE,FALSE,FALSE,FALSE,FALSE,30-Sep-21,60,01.01.12_DLF_FMT_ReserveAssumptions
518,29,173,01.01.31_DLT_Target_Regular_Premium_FMT,,0,,TRUE,,1,0,,1,1,0,153442,153442,0,0,13,00:00:13,0,1,0,,FALSE,Completed,,0,,0,,FALSE,TRUE,0,-1,0,,FALSE,FALSE,,FALSE,0,0,FALSE,FALSE,FALSE,FALSE,FALSE,30-Sep-21,31,01.01.32_DLF_FMT_Expense_Charge_Guar
518,27,167,01.01.28_DLT_Lapse_Table_FMT,,0,,TRUE,,1,0,,1,1,0,460,460,0,0,6,00:00:06,0,1,0,,FALSE,Completed,,0,,0,,FALSE,TRUE,0,-1,0,,FALSE,FALSE,,FALSE,0,0,FALSE,FALSE,FALSE,FALSE,FALSE,30-Sep-21,28,06.03_DLF_Reinsurance_Compound_Tables
518,16,175,01.01.16_DLT_Expense_Charge_FMT,,0,,TRUE,,1,0,,1,1,0,19909,19909,0,0,6,00:00:06,0,1,0,,FALSE,Completed,,0,,0,,FALSE,TRUE,0,-1,0,,FALSE,FALSE,,FALSE,0,0,FALSE,FALSE,FALSE,FALSE,FALSE,30-Sep-21,32,01.01.33_DLF_FMT_Surrender_Charge
518,30,155,01.01.32_DLT_Expense_Charge_Guar_FMT,,0,,TRUE,,1,0,,1,1,0,5520,5520,0,0,6,00:00:06,0,1,0,,FALSE,Completed,,0,,0,,FALSE,TRUE,0,-1,0,,FALSE,FALSE,,FALSE,0,0,FALSE,FALSE,FALSE,FALSE,FALSE,30-Sep-21,33,
518,31,157,01.01.33_DLT_Surrender_Charge_FMT,,0,,TRUE,,1,0,,1,1,0,4269,4269,0,0,5,00:00:05,0,1,0,,FALSE,Completed,,0,,0,,FALSE,TRUE,0,-1,0,,FALSE,FALSE,,FALSE,0,0,FALSE,FALSE,FALSE,FALSE,FALSE,30-Sep-21,34,01.01.17_DLF_FMT_Target_Premium_Adj
518,17,161,01.01.17_DLT_Target_Premium_Adj,,0,,TRUE,,1,0,,1,1,0,20468,20468,0,0,6,00:00:06,0,1,0,,FALSE,Completed,,0,,0,,FALSE,TRUE,0,-1,0,,FALSE,FALSE,,FALSE,0,0,FALSE,FALSE,FALSE,FALSE,FALSE,30-Sep-21,36,
518,15,187,01.01.15_DLT_Other_Benefit_FMT,,0,,TRUE,,1,0,,1,1,0,19349,19349,0,0,7,00:00:07,0,1,0,,FALSE,Completed,,0,,0,,FALSE,TRUE,0,-1,0,,FALSE,FALSE,,FALSE,0,0,FALSE,FALSE,FALSE,FALSE,FALSE,30-Sep-21,38,01.01.11_DLF_FMT_BE_Expense_Table
518,24,237,01.01.25_DLT_CRVM_Fund_Bonus_Table_FMT,,0,,TRUE,,1,0,,1,1,0,17,17,0,0,7,00:00:07,0,1,0,,FALSE,Completed,,0,,0,,FALSE,TRUE,0,-1,0,,FALSE,FALSE,,FALSE,0,0,FALSE,FALSE,FALSE,FALSE,FALSE,30-Sep-21,67,01.01.20_DLF_FMT_Dynamic_Premium_TFLIC_CFT
518,12,213,01.01.12_DLT_ReserveAssumptions_FMT,,0,,TRUE,,1,0,,1,1,0,49616,49616,0,0,10,00:00:10,0,1,0,,FALSE,Completed,,0,,0,,FALSE,TRUE,0,-1,0,,FALSE,FALSE,,FALSE,0,0,FALSE,FALSE,FALSE,FALSE,FALSE,30-Sep-21,54,01.01.03_DLF_FMT_TRP
518,13,215,01.01.13_DLT_Partial_Withdrawal_Table_FMT,,0,,TRUE,,1,0,,1,1,0,579,579,0,0,5,00:00:05,0,1,0,,FALSE,Completed,,0,,0,,FALSE,TRUE,0,-1,0,,FALSE,FALSE,,FALSE,0,0,FALSE,FALSE,FALSE,FALSE,FALSE,30-Sep-21,55,01.01.07_DLF_FMT_Risk_Charge
518,21,229,01.01.21_DLT_Gtd_Exp_Chg_Table_FMT,,0,,TRUE,,1,0,,1,1,0,4507,4507,0,0,7,00:00:07,0,1,0,,FALSE,Completed,,0,,0,,FALSE,TRUE,0,-1,0,,FALSE,FALSE,,FALSE,0,0,FALSE,FALSE,FALSE,FALSE,FALSE,30-Sep-21,63,01.01.10_DLF_FMT_BE_Lapse_Table
518,14,231,01.01.14_DLT_Surr_Chg_Table_FMT,,0,,TRUE,,1,0,,1,1,0,10514,10514,0,0,7,00:00:07,0,1,0,,FALSE,Completed,,0,,0,,FALSE,TRUE,0,-1,0,,FALSE,FALSE,,FALSE,0,0,FALSE,FALSE,FALSE,FALSE,FALSE,30-Sep-21,64,01.01.02_DLF_FMT_NLG
518,1,185,01.01.01_DLT_AGD_FMT,,0,,TRUE,,1,0,,1,1,0,883,883,0,0,7,00:00:07,0,1,0,,FALSE,Completed,,0,,0,,FALSE,TRUE,0,-1,0,,FALSE,FALSE,,FALSE,0,0,FALSE,FALSE,FALSE,FALSE,FALSE,30-Sep-21,25,06.03_DLF_Reinsurance_Joint_Frasierized_Rates
518,32,163,01.01.34_DLT_Premium_Load_FMT,,0,,TRUE,,1,0,,1,1,0,160461,160461,0,0,11,00:00:11,0,1,0,,FALSE,Completed,,0,,0,,FALSE,TRUE,0,-1,0,,FALSE,FALSE,,FALSE,0,0,FALSE,FALSE,FALSE,FALSE,FALSE,30-Sep-21,30,
518,19,225,01.01.19_DLT_ULSG_VM20_Lapse_FMT,,0,,TRUE,,1,0,,1,1,0,17,17,0,0,5,00:00:05,0,1,0,,FALSE,Completed,,0,,0,,FALSE,TRUE,0,-1,0,,FALSE,FALSE,,FALSE,0,0,FALSE,FALSE,FALSE,FALSE,FALSE,30-Sep-21,61,01.01.13_DLF_FMT_Partial_Withdrawal_Table
518,22,235,01.01.23_DLT_Other_Benefit_Rates_Table_FMT,,0,,TRUE,,1,0,,1,1,0,5161,5161,0,0,6,00:00:06,0,1,0,,FALSE,Completed,,0,,0,,FALSE,TRUE,0,-1,0,,FALSE,FALSE,,FALSE,0,0,FALSE,FALSE,FALSE,FALSE,FALSE,30-Sep-21,66,01.01.19_DLF_FMT_ULSG_VM20_Lapse_Table
519,19,225,01.01.19_DLT_ULSG_VM20_Lapse_FMT,,0,,TRUE,,2,0,,1,1,0,17,17,0,0,0,00:00:00,0,1,0,,FALSE,Completed,,0,,0,,FALSE,FALSE,0,0,0,,FALSE,FALSE,,FALSE,0,0,FALSE,FALSE,FALSE,FALSE,FALSE,30-Sep-21,61,01.01.35_DLF_FMT_ULSG_VM20_Lapse_Table
519,5,209,01.01.05_DLT_Commission_Table_FMT,,0,,TRUE,,2,0,,1,1,0,1296,1296,0,0,0,00:00:00,0,1,0,,FALSE,Completed,,0,,0,,FALSE,FALSE,0,0,0,,FALSE,FALSE,,FALSE,0,0,FALSE,FALSE,FALSE,FALSE,FALSE,30-Sep-21,52,01.01.26_DLF_FMT_Commission_Table
519,8,211,01.01.08_DLT_OtherProductFeatures_FMT,,0,,TRUE,,2,0,,1,1,0,638,638,0,0,0,00:00:00,0,1,0,,FALSE,Completed,,0,,0,,FALSE,FALSE,0,0,0,,FALSE,FALSE,,FALSE,0,0,FALSE,FALSE,FALSE,FALSE,FALSE,30-Sep-21,53,01.01.27_DLF_FMT_OtherProductFeatures
519,12,213,01.01.12_DLT_ReserveAssumptions_FMT,,0,,TRUE,,2,0,,1,1,0,49616,49616,0,0,2,00:00:02,0,1,0,,FALSE,Completed,,0,,0,,FALSE,FALSE,0,0,0,,FALSE,FALSE,,FALSE,0,0,FALSE,FALSE,FALSE,FALSE,FALSE,30-Sep-21,54,01.01.28_DLF_FMT_ReserveAssumptions
519,13,215,01.01.13_DLT_Partial_Withdrawal_Table_FMT,,0,,TRUE,,2,0,,1,1,0,579,579,0,0,0,00:00:00,0,1,0,,FALSE,Completed,,0,,0,,FALSE,FALSE,0,0,0,,FALSE,FALSE,,FALSE,0,0,FALSE,FALSE,FALSE,FALSE,FALSE,30-Sep-21,55,01.01.29_DLF_FMT_Partial_Withdrawal_Table
519,21,229,01.01.21_DLT_Gtd_Exp_Chg_Table_FMT,,0,,TRUE,,2,0,,1,1,0,4507,4507,0,0,0,00:00:00,0,1,0,,FALSE,Completed,,0,,0,,FALSE,FALSE,0,0,0,,FALSE,FALSE,,FALSE,0,0,FALSE,FALSE,FALSE,FALSE,FALSE,30-Sep-21,63,01.01.37_DLF_FMT_Gtd_Exp_Chg_Table
519,14,231,01.01.14_DLT_Surr_Chg_Table_FMT,,0,,TRUE,,2,0,,1,1,0,10514,10514,0,0,0,00:00:00,0,1,0,,FALSE,Completed,,0,,0,,FALSE,FALSE,0,0,0,,FALSE,FALSE,,FALSE,0,0,FALSE,FALSE,FALSE,FALSE,FALSE,30-Sep-21,64,01.01.38_DLF_FMT_Surr_Chg_Table
519,18,223,01.01.18_DLT_VM20_Mortality_FMT,,0,,TRUE,,2,0,,1,1,0,5161,5161,0,0,0,00:00:00,0,1,0,,FALSE,Completed,,0,,0,,FALSE,FALSE,0,0,0,,FALSE,FALSE,,FALSE,0,0,FALSE,FALSE,FALSE,FALSE,FALSE,30-Sep-21,60,01.01.34_DLF_FMT_VM20_Mortality_Table
519,29,173,01.01.31_DLT_Target_Regular_Premium_FMT,,0,,TRUE,,2,0,,1,1,0,153442,153442,0,0,3,00:00:03,0,1,0,,FALSE,Completed,,0,,0,,FALSE,FALSE,0,0,0,,FALSE,FALSE,,FALSE,0,0,FALSE,FALSE,FALSE,FALSE,FALSE,30-Sep-21,31,01.01.07_DLF_FMT_Target_Premium_Reference
519,27,167,01.01.28_DLT_Lapse_Table_FMT,,0,,TRUE,,2,0,,1,1,0,460,460,0,0,0,00:00:00,0,1,0,,FALSE,Completed,,0,,0,,FALSE,FALSE,0,0,0,,FALSE,FALSE,,FALSE,0,0,FALSE,FALSE,FALSE,FALSE,FALSE,30-Sep-21,28,01.01.04_DLF_FMT_Lapse_Table_Reference
519,16,175,01.01.16_DLT_Expense_Charge_FMT,,0,,TRUE,,2,0,,1,1,0,19909,19909,0,0,0,00:00:00,0,1,0,,FALSE,Completed,,0,,0,,FALSE,FALSE,0,0,0,,FALSE,FALSE,,FALSE,0,0,FALSE,FALSE,FALSE,FALSE,FALSE,30-Sep-21,32,01.01.08_DLF_FMT_Expense_Charge_Table_Reference
519,30,155,01.01.32_DLT_Expense_Charge_Guar_FMT,,0,,TRUE,,2,0,,1,1,0,5520,5520,0,0,1,00:00:01,0,1,0,,FALSE,Completed,,0,,0,,FALSE,FALSE,0,0,0,,FALSE,FALSE,,FALSE,0,0,FALSE,FALSE,FALSE,FALSE,FALSE,30-Sep-21,33,01.01.09_DLF_FMT_Expense_Charge_Guar
519,31,157,01.01.33_DLT_Surrender_Charge_FMT,,0,,TRUE,,2,0,,1,1,0,4269,4269,0,0,0,00:00:00,0,1,0,,FALSE,Completed,,0,,0,,FALSE,FALSE,0,0,0,,FALSE,FALSE,,FALSE,0,0,FALSE,FALSE,FALSE,FALSE,FALSE,30-Sep-21,34,01.01.10_DLF_FMT_Surrender_Charge
519,17,161,01.01.17_DLT_Target_Premium_Adj,,0,,TRUE,,2,0,,1,1,0,20468,20468,0,0,1,00:00:01,0,1,0,,FALSE,Completed,,0,,0,,FALSE,FALSE,0,0,0,,FALSE,FALSE,,FALSE,0,0,FALSE,FALSE,FALSE,FALSE,FALSE,30-Sep-21,36,01.01.12_DLF_FMT_Target_Premium_Adj
519,15,187,01.01.15_DLT_Other_Benefit_FMT,,0,,TRUE,,2,0,,1,1,0,19349,19349,0,0,1,00:00:01,0,1,0,,FALSE,Completed,,0,,0,,FALSE,FALSE,0,0,0,,FALSE,FALSE,,FALSE,0,0,FALSE,FALSE,FALSE,FALSE,FALSE,30-Sep-21,38,01.01.14_DLF_FMT_OB_Guar_Charge_Reference
519,1,185,01.01.01_DLT_AGD_FMT,,0,,TRUE,,2,0,,1,1,0,883,883,0,0,0,00:00:00,0,1,0,,FALSE,Completed,,0,,0,,FALSE,FALSE,0,0,0,,FALSE,FALSE,,FALSE,0,0,FALSE,FALSE,FALSE,FALSE,FALSE,30-Sep-21,25,01.01.01_DLF_FMT_AGD
519,32,163,01.01.34_DLT_Premium_Load_FMT,,0,,TRUE,,2,0,,1,1,0,160461,160461,0,0,4,00:00:04,0,1,0,,FALSE,Completed,,0,,0,,FALSE,FALSE,0,0,0,,FALSE,FALSE,,FALSE,0,0,FALSE,FALSE,FALSE,FALSE,FALSE,30-Sep-21,30,01.01.06_DLF_FMT_Premium_Load_Reference
519,3,201,01.01.03_DLT_TRP_FMT,,0,,TRUE,,2,0,,1,1,0,3726,3726,0,0,0,00:00:00,0,1,0,,FALSE,Completed,,0,,0,,FALSE,FALSE,0,0,0,,FALSE,FALSE,,FALSE,0,0,FALSE,FALSE,FALSE,FALSE,FALSE,30-Sep-21,48,01.01.22_DLF_FMT_TRP
519,7,203,01.01.07_DLT_Risk_Charge_FMT,,0,,TRUE,,2,0,,1,1,0,28670,28670,0,0,1,00:00:01,0,1,0,,FALSE,Completed,,0,,0,,FALSE,FALSE,0,0,0,,FALSE,FALSE,,FALSE,0,0,FALSE,FALSE,FALSE,FALSE,FALSE,30-Sep-21,49,01.01.23_DLF_FMT_Risk_Charge
519,6,205,01.01.06_DLT_Face_Amount_Table_FMT,,0,,TRUE,,2,0,,1,1,0,13073,13073,0,0,0,00:00:00,0,1,0,,FALSE,Completed,,0,,0,,FALSE,FALSE,0,0,0,,FALSE,FALSE,,FALSE,0,0,FALSE,FALSE,FALSE,FALSE,FALSE,30-Sep-21,50,01.01.24_DLF_FMT_Face_Amount_Table
519,4,207,01.01.04_DLT_Allocation_Rules_Table_FMT,,0,,TRUE,,2,0,,1,1,0,791,791,0,0,1,00:00:01,0,1,0,,FALSE,Completed,,0,,0,,FALSE,FALSE,0,0,0,,FALSE,FALSE,,FALSE,0,0,FALSE,FALSE,FALSE,FALSE,FALSE,30-Sep-21,51,01.01.25_DLF_FMT_Allocation_Rules_Table
519,22,235,01.01.23_DLT_Other_Benefit_Rates_Table_FMT,,0,,TRUE,,2,0,,1,1,0,5161,5161,0,0,0,00:00:00,0,1,0,,FALSE,Completed,,0,,0,,FALSE,FALSE,0,0,0,,FALSE,FALSE,,FALSE,0,0,FALSE,FALSE,FALSE,FALSE,FALSE,30-Sep-21,66,01.01.40_DLF_FMT_Other_Benefit_Rates_Table
519,24,237,01.01.25_DLT_CRVM_Fund_Bonus_Table_FMT,,0,,TRUE,,2,0,,1,1,0,17,17,0,0,0,00:00:00,0,1,0,,FALSE,Completed,,0,,0,,FALSE,FALSE,0,0,0,,FALSE,FALSE,,FALSE,0,0,FALSE,FALSE,FALSE,FALSE,FALSE,30-Sep-21,67,01.01.41_DLF_FMT_CRVM_Fund_Bonus_Table
519,25,239,01.01.26_DLT_Base_Cell_Name_FMT,,0,,TRUE,,2,0,,1,1,0,68,68,0,0,1,00:00:01,0,1,0,,FALSE,Completed,,0,,0,,FALSE,FALSE,0,0,0,,FALSE,FALSE,,FALSE,0,0,FALSE,FALSE,FALSE,FALSE,FALSE,30-Sep-21,68,01.01.42_DLF_FMT_Base_Cell_Name
519,23,241,01.01.24_DLT_Tax_Mortality_Table_FMT,,0,,TRUE,,2,0,,1,1,0,4507,4507,0,0,0,00:00:00,0,1,0,,FALSE,Completed,,0,,0,,FALSE,FALSE,0,0,0,,FALSE,FALSE,,FALSE,0,0,FALSE,FALSE,FALSE,FALSE,FALSE,30-Sep-21,70,01.01.44_DLF_FMT_Tax_Mortality_Table
519,26,243,01.01.27_DLT_Fifth_Mortality_Table_FMT,,0,,TRUE,,2,0,,1,1,0,8878,8878,0,0,0,00:00:00,0,1,0,,FALSE,Completed,,0,,0,,FALSE,FALSE,0,0,0,,FALSE,FALSE,,FALSE,0,0,FALSE,FALSE,FALSE,FALSE,FALSE,30-Sep-21,74,01.01.47_DLF_FMT_Fifth_Mortality_Table
519,28,245,01.01.30_DLT_Extra_Lapse_Table_FMT,,0,,TRUE,,2,0,,1,1,0,17,17,0,0,0,00:00:00,0,1,0,,FALSE,Completed,,0,,0,,FALSE,FALSE,0,0,0,,FALSE,FALSE,,FALSE,0,0,FALSE,FALSE,FALSE,FALSE,FALSE,30-Sep-21,75,01.01.48_DLF_FMT_Extra_Lapse_Table
519,9,217,01.01.09_DLT_BE_Mortality_Table_FMT,,0,,TRUE,,2,0,,1,1,0,13561,13561,0,0,1,00:00:01,0,1,0,,FALSE,Completed,,0,,0,,FALSE,FALSE,0,0,0,,FALSE,FALSE,,FALSE,0,0,FALSE,FALSE,FALSE,FALSE,FALSE,30-Sep-21,56,01.01.30_DLF_FMT_BE_Mortality_Table
519,20,227,01.01.20_DLT_Dynamic_Premium_TFLIC_CFT,,0,,TRUE,,2,0,,1,1,0,17,17,0,0,1,00:00:01,0,1,0,,FALSE,Completed,,0,,0,,FALSE,FALSE,0,0,0,,FALSE,FALSE,,FALSE,0,0,FALSE,FALSE,FALSE,FALSE,FALSE,30-Sep-21,62,01.01.36_DLF_FMT_Dynamic_Premium_TFLIC_CFT
519,10,219,01.01.10_DLT_BE_Lapse_Table_FMT,,0,,TRUE,,2,0,,1,1,0,336,336,0,0,0,00:00:00,0,1,0,,FALSE,Completed,,0,,0,,FALSE,FALSE,0,0,0,,FALSE,FALSE,,FALSE,0,0,FALSE,FALSE,FALSE,FALSE,FALSE,30-Sep-21,57,01.01.31_DLF_FMT_BE_Lapse_Table
519,11,169,01.01.11_DLT_BE_Expense_Table_FMT,,0,,TRUE,,2,0,,1,1,0,4217,4217,0,0,0,00:00:00,0,1,0,,FALSE,Completed,,0,,0,,FALSE,FALSE,0,0,0,,FALSE,FALSE,,FALSE,0,0,FALSE,FALSE,FALSE,FALSE,FALSE,30-Sep-21,58,01.01.32_DLF_FMT_BE_Expense_Table
519,2,221,01.01.02_DLT_NLG_FMT,,0,,TRUE,,2,0,,1,1,0,315,315,0,0,0,00:00:00,0,1,0,,FALSE,Completed,,0,,0,,FALSE,FALSE,0,0,0,,FALSE,FALSE,,FALSE,0,0,FALSE,FALSE,FALSE,FALSE,FALSE,30-Sep-21,59,01.01.33_DLF_FMT_NLG_Table
524,1,121,CURR_SCEN_OUTPUT,,0,,TRUE,,4,3,VUL_FUTURE_SCENARIO_$(tableid),1,1,0,0,0,0,0,3,00:00:03,0,1,10,Scenario,FALSE,Completed,ResultsLink [$(RESULTSSERVER) . $(RESULTSDB)],0,,0,,FALSE,FALSE,0,-1,10,,FALSE,FALSE,,FALSE,0,0,FALSE,FALSE,FALSE,FALSE,FALSE,,,
532,1,134,KC2 TABLE C QUERY,,0,,TRUE,,4,3,VUL_STAT_RESERVE_CFILE_$(TABLEID),1,1,0,0,0,0,0,54,00:00:54,0,1,10,Miscellaneous,FALSE,Completed,ResultsLink [$(RESULTSSERVER) . $(RESULTSDB)],0,,0,,FALSE,FALSE,0,0,0,,FALSE,FALSE,,FALSE,0,0,FALSE,FALSE,FALSE,FALSE,FALSE,,,
532,2,132,80.25_Ceded_Return_File_VUL,,0,,TRUE,,4,3,VUL_Ceded_Return_$(TABLEID),1,1,0,0,0,0,0,16,00:00:16,0,1,10,Miscellaneous,FALSE,Completed,ResultsLink [$(RESULTSSERVER) . $(RESULTSDB)],0,,0,,FALSE,FALSE,0,0,0,,FALSE,FALSE,,FALSE,0,0,FALSE,FALSE,FALSE,FALSE,FALSE,,,
533,4,137,92.02.04 MVN Optional Vectors YRT115,,0,,TRUE,,4,3,MVN_Optional_Vectors_YRT115,1,1,0,0,0,0,0,0,,0,1,9,Miscellaneous,FALSE,,Standard Database Link [\\tagridfiler\ELINK_Development\VUL\Luke\Datasets\Equity_Cons_Valuation\impexp.mdf],0,,0,,FALSE,FALSE,0,0,9,,FALSE,FALSE,,FALSE,0,0,FALSE,FALSE,FALSE,FALSE,FALSE,,,
533,5,102058,Cession Information,,0,,TRUE,,0,0,,1,1,0,0,0,0,0,0,,0,1,0,,FALSE,,,0,,0,,FALSE,FALSE,0,0,0,,FALSE,FALSE,,TRUE,0,0,FALSE,FALSE,FALSE,FALSE,FALSE,30-Sep-21,,
533,6,102058,Cession Information,,0,,TRUE,,1,0,,1,1,0,0,0,0,0,0,,0,1,0,,FALSE,,,0,,0,,FALSE,FALSE,0,0,0,,FALSE,FALSE,,FALSE,0,0,TRUE,FALSE,FALSE,FALSE,FALSE,,81,MVN CIT YRT115
533,7,102058,Cession Information,,0,,TRUE,,2,0,,1,1,0,0,0,0,0,0,,0,1,0,,FALSE,,,0,,0,,FALSE,FALSE,0,0,0,,FALSE,FALSE,,FALSE,0,0,FALSE,FALSE,FALSE,FALSE,FALSE,,,
533,8,102009,Optional Vectors,,0,,TRUE,,0,0,,1,1,0,0,0,0,0,0,,0,1,0,,FALSE,,,0,,0,,FALSE,FALSE,0,0,0,,FALSE,FALSE,,TRUE,0,0,FALSE,FALSE,FALSE,FALSE,FALSE,30-Sep-21,,
533,9,102009,Optional Vectors,,0,,TRUE,,1,0,,1,1,0,0,0,0,0,0,,0,1,0,,FALSE,,,0,,0,,FALSE,FALSE,0,-1,0,,FALSE,FALSE,,FALSE,0,0,TRUE,FALSE,FALSE,FALSE,FALSE,,82,MVN Optional Vectors YRT115
533,10,137,Equity Consolidated PIT,,0,,TRUE,,5,0,,1,1,0,0,0,0,0,0,,0,1,0,,FALSE,,,1,Default YRT,0,,FALSE,FALSE,0,0,0,,FALSE,FALSE,,FALSE,0,0,FALSE,FALSE,FALSE,FALSE,FALSE,,,
533,1,41,92.02.02 MVN PIT and Fund Extracts,,0,,TRUE,,4,4,$PATH\$DATASET\Convexinator\VUL_MVN_PIT_$(VALDATE).csv,1,1,0,0,0,0,0,0,,0,1,0,,FALSE,,,0,,0,,FALSE,FALSE,0,-1,0,,FALSE,FALSE,,FALSE,0,0,FALSE,FALSE,FALSE,FALSE,FALSE,,,
533,2,135,92.02.02 MVN STAT Reserve - VUL,,0,,TRUE,,4,4,$PATH\$DATASET\Convexinator\VUL_MVN_Reserve_$(VALDATE).csv,1,1,0,0,0,0,0,0,,0,1,0,,FALSE,,,0,,0,,FALSE,FALSE,0,-1,0,,FALSE,FALSE,,FALSE,0,0,FALSE,FALSE,FALSE,FALSE,FALSE,,,
533,3,136,92.02.03 MVN CIT YRT115,,0,,TRUE,,4,3,MVN_CIT_YRT115,1,1,0,0,0,0,0,0,,0,1,9,Miscellaneous,FALSE,,Standard Database Link [\\tagridfiler\ELINK_Development\VUL\Luke\Datasets\Equity_Cons_Valuation\impexp.mdf],0,,0,,FALSE,FALSE,0,0,9,,FALSE,FALSE,,FALSE,0,0,FALSE,FALSE,FALSE,FALSE,FALSE,,,
536,1,139,92.03.02 MVN Seriatim NPV - VUL,,0,,TRUE,,4,4,$PATH\$DATASET\Convexinator\VUL_MVN_$(TABLEID)_convexinator_$(VALDATE).csv,1,1,0,0,0,0,0,0,,0,1,0,,FALSE,,,0,,0,,FALSE,FALSE,0,-1,0,,FALSE,FALSE,,FALSE,0,0,FALSE,FALSE,FALSE,FALSE,FALSE,,,
